NodeId,X,Y,Z,TotalTraffic
IWYUXTY,-163.4915,1.6,112.6382,1
JLDWHXF,-169.0822,1.6,104.9423,1
ZPJGWKF,-186.4143,1.6,119.6723,1
LIUKSCK,-193.6728,1.6,91.46121,7
WWESYOQ,-146.2358,1.6,67.70163,2161
ESRVTXE,-186.1,1.6,86.8,4415
AOSXRTG,-173.2726,1.6,72.16554,242
XYXWDLX,-184.3179,1.6,66.66882,77
PSDYZXX,-179.7492,1.6,75.37012,351
PFYCYAX,-189.127,1.6,71.75978,63
HTSAVHD,-190.0343,1.6,65.90251,65
NSBJTPN,-189.0983,1.6,78.42045,377
WPKPSWL,-182.2668,1.6,64.07648,32
MAENBSV,-170.5582,1.6,44.09447,28
CPZCAXV,-170.219,1.6,47.62299,31
YRMNIGB,-168.3556,1.6,48.23586,156
GVZJJTE,-175.2,1.6,45.66145,4
WMLIDGR,-187.94,1.6,47.63519,35
ECGTOIH,-186.4733,1.6,54.51682,58
HTCWMWC,-191.3219,1.6,56.13321,49
POJBMUQ,-190.9785,1.6,59.46671,49
KLMXELU,-186.5248,1.6,58.82931,54
FMSRRSC,-177.7455,1.6,58.59216,56
QENYOIY,-168.1045,1.6,59.34666,190
EWRZATF,-171.2979,1.6,31.00301,47
ZUTEXGH,-194.2765,1.6,44.70448,17
SZQCQED,-177.8473,1.6,44.30098,30
NSUKKNC,-177.5918,1.6,38.65805,58
MMWNAUH,-168.6754,1.6,40.48822,17
NJWAPOH,-168.4258,1.6,43.95351,145
PWVPESG,-193.8126,1.6,37.59158,7
NPEOOPV,-192.7507,1.6,23.08235,1
YMCZDAS,-192.5861,1.6,14.19859,1
MRQKZSZ,-180.7054,1.6,13.39986,5
GVYPFDM,-179.2234,1.6,9.184212,5
KQOVPPL,-183.7514,1.6,14.37711,7
XUHJJKA,-183.8687,1.6,23.70589,5
CHQDFCZ,-177.0315,1.6,23.71176,38
OBAVUZP,-168.1333,1.6,21.9591,20
YRQUEVJ,-164.5601,1.6,21.69069,83
ZLKHMPX,-166.1699,1.6,4.777016,339
LKKCFIA,-168.6311,1.6,14.98194,7
PZOOUDY,-169.0954,1.6,10.55697,3
QLWVBEV,-169.71,1.6,5.128143,237
IBERVIX,-173.9214,1.6,11.14001,11
YIJMDVK,-173.5599,1.6,14.43196,11
EUWUYWR,-174.0271,1.6,17.89307,5
PWRTSWL,-173.9581,1.6,23.23268,16
PRGNVHO,-175.8658,1.6,7.218246,225
ROMKHEO,-163.1226,1.6,3.642059,748
DBXMXKR,-161.3187,1.6,22.17978,555
TNOAMEO,-113.6363,1.6,-0.5285721,2208
IDLUCWW,-128.196,1.6,13.19556,9
DIYDMIO,-124.4586,1.6,7.137093,1811
PWFOOSS,-132.1208,1.6,18.23459,184
BRINTMO,-142.4053,1.6,43.74154,4001
QSGNEDK,-144.6402,1.6,36.94585,947
HXFLYJN,-150.444,1.6,48.54097,14048
VVAHBID,-152.1613,1.6,45.88387,1307
KVRMEYE,-159.0866,1.6,42.96664,438
LBJMQYL,-160.6109,1.6,31.33231,1041
MQDYCGB,-139.6947,1.6,29.88094,545
VWTKFQF,-135.1583,1.6,29.08264,176
DRMYOHT,-116.7991,1.6,28.83405,1364
UURACPM,-93.90253,1.6,21.05276,5
DDIDBWR,-99.05617,1.6,20.20779,1
IHEOOUJ,-105.3438,1.6,15.69066,2200
EYYRUYD,-75.61827,1.6,11.52344,73
RJPKXYH,-88.81242,1.6,11.63959,371
NIZQJVM,-92.45444,1.6,17.386,1005
GEYFCIG,-73.47476,1.6,23.74155,82
ZMPKGFP,-89.9287,1.6,27.92778,12
RDMKCDX,-94.93256,1.6,25.51191,5
PYFKCNB,-107.7868,1.6,26.43089,46
ORUUNAX,-92.956,1.6,33.82064,79
KTERDZO,-84.6609,1.6,38.46556,2
PGJIZVC,-88.37827,1.6,35.97898,5
DQXGRTA,-80.33379,1.6,56.60378,14
FJVMDBA,-75.48686,1.6,42.46346,80
FDULRSL,-79.73286,1.6,40.74795,19
CFYULQO,-71.19844,1.6,29.74061,26
NPKPYQJ,-69.33453,1.6,53.90421,19
OQDJTKE,-61.61626,1.6,50.62113,46
GNHAQLX,-59.09041,1.6,55.49599,137
CNNLRUR,-45.89138,1.6,47.95333,100
FZTKUBI,-36.21796,1.6,49.61796,162
JCVIMOA,-32.66846,1.6,40.0335,131
XCHYJRV,-29.64378,1.6,32.9696,63
DOLUGEQ,-55.72873,1.6,15.44807,21
RWYVQLM,-45.82907,1.6,2.054596,20
RBMGHZR,-43.35033,1.6,10.21942,19
ITFHPEN,-38.51022,1.6,17.32195,87
ULTDPWH,-35.12484,1.6,11.716,16
RCFRBZY,-33.69387,1.6,5.990829,24
TZNEFKL,-16.85345,1.6,-1.768364,111
QFKZLIZ,-30.52901,1.6,-1.436428,99
SGPKGXW,-17.7,1.6,3.400864,120
KUPZWAK,-22.88096,1.6,15.88959,83
KGMCYLB,-24.82377,1.6,15.60393,20
NXXMPIK,-21.71321,1.6,9.629089,129
MVKVXFT,-26.95314,1.6,25.47164,149
YIYUISC,-13.27425,1.6,25.11115,118
SMSYHFV,-8.76741,1.6,26.0896,392
BEKRZVZ,-17.00937,1.6,29.16358,922
FAQFYBP,-4.204605,1.6,18.8165,130
JMRCQSF,1.13752,1.6,22.76749,83
TIDJLJN,-3.91156,1.6,30.57681,156
IRYJPMX,-4.979126,1.6,40.32507,92
SFMPENA,-1.556572,1.6,41.98133,45
FRSDOKC,1.852669,1.6,30.48243,201
AOVAVTF,-10.4643,1.6,30.21584,364
BQEVCVG,-14.49792,1.6,41.42744,32
HYYWJTV,0.537117,1.6,53.10374,19
NPJZMNE,-4.562782,1.6,49.82622,872
MYPPMPT,-3.162659,1.6,77.48242,5
HNQHCZX,-7.30761,1.6,75.19579,12
XRSSXDL,-1.882576,1.6,68.99728,20
OTJSXCH,-5.490669,1.6,68.47707,14
FXKITVI,1.223434,1.6,59.98113,21
HRKXABN,-7.341034,1.6,57.07703,2260
PPZRYLZ,-17.02603,1.6,46.41904,354
KCLQZIX,-19.7467,1.6,54.21511,272
GEQXMZX,-25.20378,1.6,52.18146,704
JVHYJFE,-10.48727,1.6,66.95407,976
QGIKYAN,-12.85893,1.6,75.0453,4783
QCIKAVZ,-13.94308,1.6,79.52129,1084
LGOTUBA,-21.38783,1.6,63.2508,97
GOAUSEY,-27.80238,1.6,62.00948,89
ASFXECS,-37.88258,1.6,59.7914,151
USOZKNE,-39.39619,1.6,65.42747,119
LRCVUYF,-24.16609,1.6,68.88605,106
ANXQCWR,-25.50471,1.6,73.2014,1297
XLNIDDU,-40.4099,1.6,69.91665,496
ZXMIJIW,-50.15575,1.6,70.21547,2815
DCSUDAX,-54.99533,1.6,62.20768,3372
JAGCQBE,-90.58279,1.6,52.6627,12
PYINWRM,-95.18711,1.6,49.54321,54
ETTBAQB,-99.28252,1.6,47.00343,24
YTWDRYQ,-110.6085,1.6,65.13437,25
YGJWWFU,-105.1547,1.6,72.96922,25
TCKNDML,-84.34405,1.6,57.87392,40
HDQQELF,-94.05383,1.6,57.87008,223
TIHGRLD,-67.84135,1.6,69.41872,887
OEXWFBA,-77.72005,1.6,66.16109,153
KKDWWXS,-83.55283,1.6,70.11057,965
MGLEKSH,-108.7148,1.6,110.1941,5
QAXYWFL,-97.81174,1.6,105.4277,4
WLDYOWJ,-103.5032,1.6,92.19587,331
JSCIODT,-117.553,1.6,106.9435,261
PHOWNBM,-84.51671,1.6,98.88506,51
LYOTXVH,-99.23392,1.6,99.74146,4
XJSIVZS,-100.6325,1.6,92.41181,10
OQPSHPV,-89.72274,1.6,80.46026,10
TEQNVKW,-86.2637,1.6,81.02892,73
ZFIDOCK,-73.54053,1.6,73.35077,2321
QATUKFI,-80.97718,1.6,77.82651,1129
QOQSWTM,-69.26694,1.6,80.96907,1034
JKPJLWV,-55.48413,1.6,71.2171,295
MGDDDWZ,-52.07027,1.6,80.92388,243
IPVZZUF,-41.52626,1.6,107.9,4477
PSGPDPY,-44.6504,1.6,105.3924,619
ZOJMBSP,-62.45442,1.6,89.19964,1533
AGSRNSE,-66.53357,1.6,85.80473,924
JZATOQE,-76.05483,1.6,90.54728,1554
JRHXUEU,1.756927,1.6,130.2875,1815
TYMOIGS,1.712624,1.6,132.5759,312
NSTZCHC,-3.06041,1.6,113.2403,1
NEDNERZ,-23.35934,1.6,145.2901,587
HJOPIYW,-32.04632,1.6,148.4702,1226
EKARXQT,-29.31424,1.6,110.7144,68
DFCGPOM,-44.38284,1.6,80.05839,5253
TBYFAVQ,-26.79465,1.6,78.11551,820
OFNSASU,-8.055557,1.6,83.05879,532
HRLZDTV,-73.99846,1.6,95.68079,2187
OHYKAOX,-31.60428,1.6,150.5376,12
VKZMYSR,-39.53139,1.6,195.0151,1
SFRVBES,-8.80674,1.6,107.572,9
JHDQPYS,-9.386871,1.6,104.672,359
AIPRBRA,-16.90932,1.6,112.0343,18
GAKQOLU,-24.45113,1.6,108.948,11
DLLKEHF,-25.43298,1.6,104.1359,192
IMTDQCK,-30.49959,1.6,103.0636,620
AAFLRCM,-34.24,1.6,99.28,11413
GTSIWXW,-44.42837,1.6,112.1982,687
XNLXFCO,-56.64074,1.6,125.1539,507
SWFICAV,1.736084,1.6,122.0242,1
UYYYRTF,-4.189606,1.6,118.3431,12
BEYLRQU,-0.7646027,1.6,126.6849,1
VAXIURJ,-4.520287,1.6,131.7525,4
DDCBQSP,-4.850792,1.6,125.6174,26
DFQSVAM,-13.92845,1.6,126.0495,4
VNMIFVM,-23.18697,1.6,128.7171,31
YQNWHWS,-23.15475,1.6,134.9678,19
SHEYKOD,-28.26575,1.6,135.1072,22
HCZTRJS,-29.79163,1.6,127.979,11834
RHVVGUV,-40.22505,1.6,140.6793,66
YSGGLUX,-45.67233,1.6,138.4759,46
ONWBGKR,-41.30194,1.6,127.5512,69
KDXNHVY,-49.32104,1.6,131.4582,147
HYMKQTH,-46.42889,1.6,125.7062,45
UXHATNG,-53.00085,1.6,141.0676,206
BGBXRJO,-66.63,1.6,131.494,3101
MRHKDXQ,-68.43753,1.6,126.193,2878
WCZNVRS,-88.24012,1.6,130.5521,212
RKUVCIO,-100.4523,1.6,136.0352,185
QXEIKIX,-98.76069,1.6,142.8811,233
ACKWGVN,-128.3723,1.6,118.773,345
VYVQFFV,-166.6582,1.6,157.8771,1
MANVIBP,-172.7782,1.6,136.2662,1
CVOKRUJ,-192.3205,1.6,125.3153,1
TEAUOKJ,-194.326,1.6,132.8804,1
FEFOARS,-189.2671,1.6,126.1649,1
QXBLHYE,-182.947,1.6,130.3952,1
CJPKPGV,-179.8845,1.6,133.851,1
IPHKETZ,-177.0908,1.6,136.3801,1
GXVNVBR,-178.1795,1.6,151.3502,1
PABXUAO,-173.9792,1.6,153.2308,1
HLKXRNG,-175.9564,1.6,146.9835,1
ELFAMHS,-178.3153,1.6,140.9052,1
TMCFSIW,-182.556,1.6,150.4028,1
GQZZELA,-185.8823,1.6,148.483,1
NCOOWOY,-190.0354,1.6,146.6605,1
GPGVGOJ,-191.7026,1.6,149.6201,1
NNQAAAR,-187.258,1.6,152.21,1
VTOZELP,-183.9813,1.6,153.8672,1
UEMVLGU,-171.608,1.6,156.769,1
CGGNUXY,-120.8536,1.6,146.3663,103
KAFIMTG,-116.406,1.6,141.1895,54
TIXYLUT,-124.5163,1.6,137.9718,189
AFECEUU,-136.4395,1.6,134.8932,1
FCUWRUP,-141.1134,1.6,148.8461,1
GHBEJZF,-148.8716,1.6,152.8378,2
WCEVYPS,-147.3512,1.6,156.2027,2
GPYTLBL,-143.9975,1.6,156.735,2
WJOKBLC,-119.5646,1.6,152.0454,256
JMVQLUH,-125.5397,1.6,154.935,7
LHIUPLS,-129.6121,1.6,156.5833,8
JYVWQAW,-131.9495,1.6,150.4366,3
CMROEFN,-133.1707,1.6,159.2918,1
AXYVVMT,-138.5654,1.6,158.502,1
EPSNLIH,-151.8693,1.6,155.7167,2
DQNHQAB,-150.6274,1.6,159.8412,2
WQGZVFA,-149.1181,1.6,162.7968,1
VGKYHQM,-164.129,1.6,159.361,119
CENVGDX,-157.3854,1.6,163.66,2
MVPKEEM,-153.8682,1.6,169.6706,1
YAYGCON,-155.1908,1.6,167.6026,1
GHDJGDA,-160.5182,1.6,170.9155,1
KKWMJOC,-163.05,1.6,172.6427,1
KPNSOIG,-165.1711,1.6,170.0123,1
XKYPEUF,-162.8594,1.6,168.1558,1
HHYVGDT,-168.7583,1.6,164.2131,1
NFABZXZ,-193.5545,1.6,156.043,1
TZCTCDF,-188.876,1.6,157.8117,1
WXVEYVF,-188.0672,1.6,166.6793,1
SBRZSSL,-178.7059,1.6,163.3429,1
EWFBDPB,-180.8503,1.6,161.9343,1
GHHQKCN,-183.2207,1.6,164.4591,1
FGXPFDO,-185.026,1.6,167.7285,1
RVZKORN,-181.8606,1.6,167.8656,1
NRCLWJR,-179.6582,1.6,169.3669,1
IKTWWNG,-178.2682,1.6,172.97,1
CNOFYNP,-171.78,1.6,172.75,1
TBFMGYG,-172.35,1.6,179.01,1
RAFLAHS,-178.24,1.6,178.7559,1
YQYQXGK,-179.024,1.6,182.5271,1
PZKRVJR,-183.2103,1.6,184.43,1
YNULWCO,-188.69,1.6,188.1025,1
GVYZTKA,-183.7939,1.6,181.7128,1
KOSJGRM,-185.8019,1.6,172.0694,1
TYNZWNH,-176.37,1.6,176.33,1
HYTJIGD,-186.7507,1.6,179.1341,1
VTNPTMW,-189.5778,1.6,181.1906,1
FCNXNLW,-192.7318,1.6,172.6655,1
JBTFRLX,-193.4614,1.6,176.2078,1
MVLUIFS,-192.8462,1.6,181.2199,1
GOBHBHF,-193.9139,1.6,185.3092,1
VSFWEEY,-193.0161,1.6,191.5633,1
QKSMGPR,-190.9117,1.6,194.742,1
JIIDEAR,-170.6221,1.6,183.6729,1
MTHFKYN,-145.4518,1.6,169.4113,1
FNFBNMH,-132.5414,1.6,162.8551,1
WPYYORE,-128.5845,1.6,160.9565,8
VLRRCIC,-118.1794,1.6,156.132,72
DQHRDVJ,-30.09223,1.6,142.6161,316
GTZEPRP,-22.89732,1.6,146.5786,389
OYVTOFA,-30.35899,1.6,155.752,229
GGNNFOY,-2.071701,1.6,185.9363,1
WTXUXWK,-1.200623,1.6,188.6832,1
LLBMSGG,-0.54039,1.6,191.9775,1
ERLBISQ,2.103775,1.6,190.5659,1
NCDKDVI,0.4896698,1.6,184.1754,1
KQJISZU,-7.316223,1.6,179.8791,1
KATYZFY,-6.331917,1.6,175.8293,1
WZOSLSN,-18.41649,1.6,174.1301,1
URTPKZB,-18.61495,1.6,180.6277,1
VZDVVCZ,-18.38475,1.6,183.6231,1
EWBPVDY,-18.31894,1.6,186.6382,1
XTAFIKC,-17.88965,1.6,189.6913,1
DOAJPBO,-18.72045,1.6,177.8721,1
JDZMPOP,2.197166,1.6,166.1372,1
JUZJBQL,1.671196,1.6,138.5489,1
JGTDVWV,-21.84971,1.6,150.6243,1
NUNPNQK,-15.81263,1.6,146.7601,1
KVJHHXJ,-24.81464,1.6,151.2654,1
QQCVUPS,-18.67366,1.6,151.0636,1
VEXGJKX,-18.64862,1.6,160.0876,1
XHWVZRK,-15.64845,1.6,165.4476,1
EWBOLFG,-18.59396,1.6,166.8767,1
KSKRBDM,-24.77329,1.6,167.0515,1
NAZSTKS,-25.0527,1.6,155.155,1
WUZDRPH,-28.42754,1.6,161.1589,1
PIBGRST,-27.264,1.6,162.7257,1
LYDGNSU,-26.91051,1.6,168.6561,1
JRGJRES,-29.31702,1.6,171.2451,1
KPDOGKP,-25.18655,1.6,176.7239,1
DOLKRJJ,-25.62027,1.6,187.253,1
JUDPATG,-33.88502,1.6,184.6525,1
PMQLOEW,-37.38284,1.6,181.6959,1
ZQQZVKL,-37.83205,1.6,184.7925,1
XAZBHIB,-33.00124,1.6,127.7991,6535
MUACXII,-36.02982,1.6,145.046,1
CITMGWS,-39.62849,1.6,148.2592,1
IBVRBHZ,-39.92514,1.6,164.3411,678
CJWXIGK,-40.45821,1.6,154.2495,252
HCDXXHS,-54.91811,1.6,151.0836,423
TVEKKFP,-57.83242,1.6,149.732,31
HCNMTBG,-57.90193,1.6,148.4928,738
WQXJZRU,-58.05102,1.6,147.182,1
KYIBVKN,-68.26978,1.6,150.158,431
ORKBBTO,-74.29147,1.6,148.4213,898
LKIWPFD,-93.95316,1.6,154.7342,214
GVVOMOW,-94.21544,1.6,153.3201,1127
ZHNLUEC,-120.0832,1.6,164.5057,6620
WTNVFUP,-176.447,1.6,194.7095,3240
FZPCEQK,-40.79855,1.6,195.1285,3562
NOIOJBS,-42.92,1.6,195.1331,562
KFVBRCS,-47.28059,1.6,167.3821,1
ROQOKFR,-44.1883,1.6,173.4487,1
SGFTUUO,-45.9284,1.6,182.6994,1
JBNLJKD,-57.87104,1.6,181.6884,1
PRRZMNS,-54.9216,1.6,184.4083,1
GCHDPUF,-55.44245,1.6,187.8558,1
JIJIJIK,-65.69,1.6,195.1339,1
KMPPKBW,-78.89259,1.6,194.9303,1
UFWMGIY,-79.7581,1.6,181.2034,1
KILLLIH,-68.1872,1.6,186.8704,1
SHHKAUM,-65.57021,1.6,185.0538,1
EZWEJOK,-66.0183,1.6,175.9672,1
HZOSIQN,-66.57202,1.6,162.1946,1
CCUUUPN,-89.97663,1.6,162.9391,1
BMCENZB,-92.66977,1.6,158.3377,1649
JQAOHBD,-96.56,1.6,147.26,4996
YPYQLNW,-119.4286,1.6,165.3813,2558
ERMVBIQ,-179.2,1.6,194.4686,1
FNTTGFW,13.95288,1.6,6.9,858
PRRMVLU,12.52756,1.6,7.699501,1326
SXCNKID,15.89259,1.6,13.33828,91
FLJVZLE,12.53366,1.6,12.35552,160
OSHPBCH,5.21489,1.6,27.1888,97
NCSHIEN,9.637535,1.6,28.256,107
DKZZMRJ,17.1381,1.6,38.83311,1172
NVJCJRK,15.54835,1.6,38.72453,1130
RIQMXJR,22.20575,1.6,60.25455,991
FOFYPIH,20.90359,1.6,60.4,1449
QARQAKP,22.784,1.6,58.31816,496
RSOSDXE,20.15801,1.6,42.24991,369
GDPRJIH,15.22961,1.6,43.9005,440
GRVEYOM,19.66943,1.6,58.91588,1054
DDFBQAO,29.60701,1.6,82.11684,1726
BHHDGHV,30.09483,1.6,95.4351,1092
FXANTCP,25.6413,1.6,96.12937,1
KFKSHRX,24.35577,1.6,95.44164,1814
VVLUOGZ,3.902946,1.6,90.72064,3
IGHRLTN,7.701759,1.6,46.93308,9
GMQOCYL,12.73028,1.6,48.5791,9
UGIDYOA,16.35546,1.6,52.74449,8
BZMBLNX,13.14414,1.6,53.71254,7
KSNXFMM,11.75606,1.6,57.57451,12
LIHLIBO,17.19994,1.6,59.07426,3
QQDDNGT,20.37412,1.6,75.38592,7
ZDCXJWM,2.957207,1.6,44.28772,940
KAGYRVI,13.02292,1.6,42.69043,317
WLMHSFR,11.08963,1.6,39.22139,537
MMJWREY,21.66818,1.6,38.5859,62
XMLEKBC,18.16261,1.6,34.08019,439
HRGKVBF,32.3391,1.6,28.29942,335
JVBXBEF,7.141716,1.6,15.31585,17
ELAWBJK,16.21671,1.6,10.32765,141
RHKURVK,22.18171,1.6,-1.392677,276
DZBCINK,19.24573,1.6,25.04298,55
MDXUNDK,19.2,1.6,29.1,146
XSUWOHY,26.63572,1.6,25.1517,180
RJHMSJR,26.5,1.6,20.81277,99
KJWFQDM,25.3605,1.6,16.26648,29
UDQYJDD,29.8895,1.6,18.43017,108
TDQMTRZ,39.71688,1.6,22.11355,362
PXYHQRO,40.99825,1.6,8.818764,1674
NIWJKZM,34.5397,1.6,-2.571869,2556
YDHAOSE,40.44938,1.6,-1.178085,668
ENFIRSX,71.92214,1.6,-2.785904,19
WWRMZPL,71.83638,1.6,-0.2125473,19
RIVWQWV,66.67088,1.6,-1.070717,19
UBINRJV,67.07233,1.6,-4.92804,29
ELDCSOA,55.90619,1.6,-4.928085,21
KULRNBT,69.22775,1.6,8.70443,180
KUHAKTW,49.07895,1.6,1.028671,186
EJIJCZM,65.2934,1.6,2.057846,39
WLPTXIW,75.22404,1.6,1.970795,77
IPAPAWO,79.59149,1.6,4.055054,13
GJRPDTJ,87.62279,1.6,3.90004,23
IWMFUTY,88.60698,1.6,7.189888,337
CTQJQZW,75.48594,1.6,8.339661,1087
DLALTJE,99.54481,1.6,15.37795,48
SLLTFUD,100.4485,1.6,5.250244,618
ZHJQXDN,125.959,1.6,16.03626,18
KSXRZAZ,125.6905,1.6,6.011833,624
EQLHZVF,120.6087,1.6,40.42499,4
RHFOPLT,122.4158,1.6,37.48855,1
ALZAAGQ,117.4604,1.6,34.87318,1
GCGQRAQ,119.3184,1.6,30.19071,1
EPNNVGL,107.2987,1.6,26.14365,1
LFEAGDJ,104.7204,1.6,32.25825,10
DDOKASH,97.82691,1.6,31.43454,123
GTNPKTO,98.2753,1.6,-4.648956,2008
KDEGLTZ,128.761,1.6,-3.101807,928
AHMBNHI,137.4153,1.6,-2.939484,941
KROWRPK,135.0686,1.6,21.33289,35
DDYEFAN,145.0793,1.6,10.55252,517
IICBTIW,166.0905,1.6,7.615532,280
GOWVFBC,153.8525,1.6,19.52879,81
ZTNZJGA,152.1593,1.6,18.44432,237
IHVTOYA,147.328,1.6,26.13641,12
HPFPLEG,155.2194,1.6,21.33006,85
PTVWPXA,190.2046,1.6,5.518318,27
KSSUEBV,180.9883,1.6,22.9397,3
WZDFNTK,168.0467,1.6,37.44585,11
DADJFLX,158.56,1.6,46.8663,9
EKIHENB,161.2242,1.6,49.18494,31
QSSJZEU,173.5379,1.6,39.24274,54
OIBSFWL,168.4784,1.6,31.11359,32
GWDVCVG,165.4618,1.6,29.18796,11
RMPEAHX,160.7056,1.6,26.16438,110
BJDRCXS,148.2448,1.6,35.96103,13
NFEIKCD,146.0108,1.6,35.32442,9
RLIBWKY,137.7608,1.6,40.07151,10
PTSIADW,133.8309,1.6,35.98419,19
KPKURHY,132.5766,1.6,41.44849,24
BJBQGLG,123.1944,1.6,42.29012,20
GHVARYA,193.7987,1.6,41.03416,829
NCYIBMA,169.5281,1.6,54.1758,3
XYNEPFR,158.1209,1.6,51.72697,3238
CCQTFFL,175.9767,1.6,44.99863,2037
AXSVDRL,179.8787,1.6,51.35478,1
HGWBVDD,193.3737,1.6,54.83035,1
JRKFZHO,192.765,1.6,66.54044,1
UFKLLMJ,193.2334,1.6,58.89363,1
SGYEATZ,176.0161,1.6,77.82211,1
YLIVKHC,189.0068,1.6,85.02341,1
EEFTAOB,193.2468,1.6,87.18922,1
AUBGOZK,179.3676,1.6,55.93832,1
LGCMVER,174.0386,1.6,60.14832,1
REXJGUS,163.5853,1.6,64.10692,1
JYIMLWJ,170.7917,1.6,57.70038,2
KJHBYPA,157.185,1.6,58.49729,3
VSUYVJI,155.648,1.6,61.38768,1
CCOFBNI,152.1915,1.6,71.39738,1
JMCRBED,121.0981,1.6,43.71667,11173
YNTKSGQ,97.59834,1.6,34.63021,4412
VZNLUGZ,74.72926,1.6,29.26578,5743
WPDXXSE,67.82602,1.6,28.97655,255
BITANUF,39.13868,1.6,28.71644,1064
QEAAUNU,40.16434,1.6,33.6938,35
JYQISBS,79.6394,1.6,57.18714,9
IVWLDEZ,73.83394,1.6,41.51772,337
WJNOEYW,91.09264,1.6,48.08891,100
UETXGEP,87.45382,1.6,52.7805,76
EQXXRKF,102.8083,1.6,52.98212,11
ZMGFDQX,100.1839,1.6,57.77354,77
YTEHFUY,98.50886,1.6,61.31583,77
NZZUVEU,92.49562,1.6,59.08519,7
ESQKTGY,90.84154,1.6,62.47647,11
AMYMTVB,96.82252,1.6,64.43777,25
RUBLTHF,87.31323,1.6,77.07207,3
CZDCZXQ,80.09972,1.6,75.19447,27
WHYIJRP,83.96701,1.6,60.95692,33
KVTQVIH,75.6113,1.6,52.89717,73
GUPLKSC,64.10168,1.6,68.1283,1
PLFQQXR,63.67591,1.6,50.92643,20
XGJOEZA,65.27682,1.6,40.87049,95
HQTQPGG,57.58375,1.6,38.66144,22
IQGQJKP,41.72402,1.6,38.02522,22
FWNHQOC,44.7865,1.6,41.27863,4
SEAGCAL,55.50312,1.6,50.30496,6
SLZFLHC,55.23695,1.6,56.66701,5
FYHICUF,48.53583,1.6,56.94313,1
ZBNUQFK,41.6764,1.6,54.79539,3
TUEAGKK,48.11217,1.6,75.86758,1
NNVGSKC,34.81171,1.6,79.85693,3
VAGVGKO,44.12568,1.6,75.69119,2
DBIUFZK,69.59772,1.6,74.34703,1
VPPPTDU,65.22455,1.6,74.35838,1
NSRREXE,74.95042,1.6,86.92358,1
WGBYWQV,69.49338,1.6,90.63354,1
DJJQLPW,69.25851,1.6,85.50995,1
DPXPZDF,64.06378,1.6,81.10631,1
UMOWHLU,60.27101,1.6,90.17802,3
GMPYDAZ,62.92775,1.6,101.9546,3
VLREGOC,57.38244,1.6,81.32556,3
CMRZOAH,51.84697,1.6,91.32442,1
OHAJVCC,44.79333,1.6,93.377,1
IXSOSAN,52.96754,1.6,82.36398,1
IRHRWLE,40.72522,1.6,79.37688,2
ZUPFHCK,42.49276,1.6,84.84666,1
UFZHFVW,77.63417,1.6,90.5425,31
QYGQRTN,59.2392,1.6,102.9516,1
VOIESTW,50.99787,1.6,105.1754,1
YVTKUKN,59.35032,1.6,107.2289,1
RMNGNUX,52.14963,1.6,109.7711,1
XGDXPYC,50.23318,1.6,123.3804,1
JEIDQUT,46.52865,1.6,123.0162,1
YPIUZWT,43.45967,1.6,122.334,1
WZMHFFG,45.42932,1.6,96.85654,1
HDZSXNV,40.45462,1.6,97.51701,1
OKHURLR,39.25608,1.6,107.6884,1
HNYCFJL,42.99662,1.6,97.05403,1
PAYGXPK,44.89146,1.6,108.4026,1
ABSALAE,41.34304,1.6,109.6032,1
UYTJIEX,191.5197,1.6,132.7511,1
WWAJVDD,194.2868,1.6,121.5526,1
VBIQPWW,191.2011,1.6,119.598,1
ZZQLIMZ,188.1794,1.6,117.7941,1
OBXEIFL,185.036,1.6,116.4221,1
RRKOPFQ,193.1239,1.6,95.46043,1
QDOTNFO,191.356,1.6,98.78048,1
UMZCLPC,190.1175,1.6,101.4784,1
GYNBYYH,187.9965,1.6,104.6822,1
SSHHZTU,185.8096,1.6,107.8115,1
LCCVODV,184.0807,1.6,111.4475,1
FQSJLOV,181.9257,1.6,114.0174,1
VEBZGWB,182.1266,1.6,105.9598,1
VEWEEPW,178.1736,1.6,112.4927,1
VNDGLLW,187.4464,1.6,132.3466,1
LJUWLUZ,183.9382,1.6,131.4574,1
WHZWHFB,180.4512,1.6,130.5725,1
QZCDMFI,177.3373,1.6,129.5143,1
IKIDDPZ,173.6379,1.6,128.6702,1
RYBQOZT,170.3785,1.6,126.6796,1
DQXAHBQ,174.1683,1.6,118.9568,1
LJKRXKC,185.5126,1.6,99.31068,1
TOZCZEZ,189.9048,1.6,92.98005,1
QBHYVVF,182.5876,1.6,97.35075,1
GYJDUFO,179.1082,1.6,91.50327,1
SCVWDJP,177.6209,1.6,93.76373,1
YRKDTLN,180.5258,1.6,100.3506,1
XSVVQPL,179.0819,1.6,104.0622,1
QPMDQNU,176.7288,1.6,106.686,1
QBZNMSM,175.2295,1.6,110.5138,1
GNXFUVT,173.0736,1.6,113.8358,1
UWGHOJK,170.6105,1.6,117.1084,1
FSUMLQF,168.6333,1.6,120.5059,1
TBOKRJU,167.3015,1.6,123.4748,1
JCVNOBE,164.1525,1.6,77.95103,1
YKCQVDT,162.3648,1.6,81.48479,1
PTNMZSS,160.3061,1.6,84.45018,1
GLZHOCO,158.3494,1.6,87.55621,1
WRSNYKN,156.6944,1.6,91.24361,1
SCFRNKI,154.6552,1.6,94.34362,1
YTQBTDM,152.8374,1.6,98.28921,1
RHCEGPA,150.9866,1.6,101.5911,1
HKAAYCE,149.3062,1.6,104.6814,1
FTIOBYD,147.3428,1.6,107.7232,1
IWBVJAD,156.6223,1.6,82.66937,1
HPOAVMG,153.5032,1.6,89.1059,1
ZCTLZEI,148.8814,1.6,95.9157,1
RMHKHPG,147.2311,1.6,99.03185,1
ONOCNOJ,145.3515,1.6,102.4598,1
NHUBNNU,143.3897,1.6,105.5842,1
JGOJLCW,145.4547,1.6,110.6725,1
QVTIEFA,141.6888,1.6,109.0966,1
RFMNBAL,139.4255,1.6,112.3513,1
WUTMNAB,132.0724,1.6,87.15556,1
JAYMQDD,130.2878,1.6,90.68338,1
TDAKXJN,127.4704,1.6,93.59021,1
TZDYWWK,124.4865,1.6,96.43677,1
XVEVASS,117.6506,1.6,101.7387,1
FBFNXUW,137.5695,1.6,116.2457,1
YOWRORH,99.16815,1.6,103.3053,1
EBZIURN,95.43289,1.6,109.1543,1
FIMFXAQ,105.3804,1.6,115.4745,1
NDOBHWR,113.2544,1.6,105.9361,1
FQXJJVA,120.6339,1.6,98.70532,1
ISGYKDF,98.90002,1.6,95.53529,1
ASPPTAH,84.76073,1.6,103.9572,1
VWVFSBE,90.60858,1.6,94.3642,1
VXEFEKL,86.42345,1.6,93.7827,1
CHYAHAN,83.14861,1.6,92.85088,1
PNZBXFS,77.56047,1.6,108.34,3
UQKPUWL,74.07813,1.6,107.2299,3
DRXQTUW,68.56828,1.6,109.0038,3
ZBKVIXW,64.65068,1.6,115.3507,1
UPWMZUS,58.92769,1.6,123.0391,1
HYSTMDD,66.00426,1.6,128.5022,1
BQAMTGZ,63.86422,1.6,126.1078,1
HQKHROD,88.72886,1.6,110.2511,1
QTCOTNK,85.63715,1.6,112.2392,3
NFVZHME,82.15973,1.6,114.2524,3
YPQNYGA,79.14035,1.6,116.3935,5
PPHQNOA,75.72682,1.6,118.438,1
AXGMOOT,77.68347,1.6,121.5137,1
RTQVINB,17.0477,1.6,104.7742,1
ZLPDURI,18.49812,1.6,94.81489,2
OJXTWXM,15.53341,1.6,92.7692,7
IAZEQSP,11.43786,1.6,92.47237,3
ZOQOXUK,9.621559,1.6,96.89452,1
JDLQCRU,0.5861664,1.6,96.77036,1
STLTVXY,5.216682,1.6,103.8541,1
XTKEUKT,0.1284637,1.6,100.7438,1
OVZGYVM,28.61531,1.6,137.6676,1
VWLLXWN,21.00143,1.6,131.1562,1
EHOQXZT,17.77539,1.6,128.1921,1
QELWDJV,30.70408,1.6,126.8074,1
SYAKACE,21.79911,1.6,120.8128,1
ONLMXST,24.9767,1.6,123.2452,1
UVTNSTK,157.0496,1.6,121.7078,1
CXHCYOL,143.8236,1.6,114.1485,1
THQJCJY,150.1367,1.6,131.1505,1
XSLMRPR,144.2929,1.6,126.8456,1
XETSXVJ,141.4333,1.6,118.2741,1
MTDJTZA,127.3434,1.6,120.4516,1
KJAYJYF,137.8921,1.6,131.3501,1
MAYGJUJ,146.833,1.6,134.494,1
TQQHZLS,131.1129,1.6,144.1395,1
KMASVEV,117.0553,1.6,138.9887,1
EXSBFMI,125.0959,1.6,133.4208,1
VEZJXJT,122.7698,1.6,130.598,1
KDFVKWG,111.1376,1.6,137.3494,1
SUCXWDC,120.4656,1.6,127.5643,1
QEODSYQ,109.1998,1.6,134.5916,1
ZARYEKW,118.0026,1.6,125.1101,1
VTFZZDJ,107.0242,1.6,131.7285,1
LZJPCWL,114.6829,1.6,122.7614,1
SJOZZVW,104.2294,1.6,129.0114,1
SSUKWJL,110.8809,1.6,120.0306,1
JMAHRJY,107.5943,1.6,118.5121,1
GFKFYKC,102.007,1.6,125.7199,1
AXQQJEC,99.32853,1.6,123.3875,1
BBHFALD,95.77945,1.6,125.0984,1
DTLPWUD,92.56548,1.6,127.1428,1
BLUMIVT,89.44385,1.6,128.5444,4
RGTSXKH,86.11557,1.6,130.655,2
CDMBZRJ,83.15451,1.6,132.4116,2
SYWBMVN,80.14638,1.6,134.1967,2
MXDLZXH,76.65907,1.6,136.127,3
EYIVTEU,72.97163,1.6,139.595,30
ASUFGVM,64.05154,1.6,134.5498,148
QGATCRM,57.24928,1.6,126.9991,16
JOCGQNJ,54.62826,1.6,132.7867,1
RSVBAPX,53.3073,1.6,136.3916,1
SNQOSWE,46.91229,1.6,137.711,1
GEXVBJX,53.96205,1.6,124.6712,144
SISHSCD,82.23558,1.6,150.8245,34
YCWKOJM,90.33599,1.6,157.2502,1
KRJWOKW,107.9365,1.6,152.3209,1
NSKUUNJ,105.3138,1.6,147.8693,3
HYVNEBK,88.49005,1.6,154.1125,2
HZYPHOY,87.95933,1.6,150.7724,3
LKSLMVX,92.00227,1.6,149.4208,1
OUUUVBH,95.75777,1.6,148.2153,1
TEHJXNP,99.33569,1.6,146.6357,1
BSDZOUA,110.5187,1.6,142.869,1
CPCNMCZ,103.0054,1.6,145.1999,2
YLHLRNZ,106.8728,1.6,143.6531,1
EQDKWHB,169.4111,1.6,173.631,1
UCYHRPW,176.2216,1.6,185.8753,1
VCHAGQE,178.2528,1.6,194.2758,1
ZQXQNYF,189.2505,1.6,173.4728,1
FGIVIYR,170.0446,1.6,164.4505,1
KQFUQCW,153.5202,1.6,146.5736,1
JSEYFLX,145.3476,1.6,170.0509,1
KHLKBRR,148.4591,1.6,159.0871,1
UXYUWYU,148.638,1.6,147.4377,1
SRZRWRY,143.355,1.6,148.1968,1
MSPPGJG,135.3695,1.6,151.8534,1
RMDMSXI,134.9679,1.6,148.0871,1
QJICKYY,117.2006,1.6,146.95,1
BKXKAHC,116.4882,1.6,150.8224,1
DJQJVBH,116.5144,1.6,154.2846,1
IUBLNRG,135.762,1.6,155.2188,1
RKKJJEO,133.8546,1.6,164.8546,1
IZHMEUY,126.517,1.6,165.8927,1
VCKAVRQ,126.0727,1.6,176.6895,1
CCPLUJX,157.5272,1.6,194.7131,1
VBMHDZB,157.5869,1.6,190.8358,1
JUECMSL,157.1235,1.6,186.4228,1
KLEZIRL,156.3967,1.6,182.1795,1
UCBSOBZ,154.6998,1.6,178.8729,1
BYOJXSO,141.7249,1.6,176.9487,1
BHSNRAH,139.7702,1.6,192.5155,1
NWPOJVX,141.975,1.6,188.3623,1
VJVUUVO,142.1909,1.6,185.3526,1
REZSSBN,139.0003,1.6,184.2234,1
DDKXNSG,140.2164,1.6,181.1586,1
GLYBZGS,135.7668,1.6,191.4879,1
VQYRNMC,130.6825,1.6,192.744,1
USSFBJB,135.1613,1.6,180.2419,1
KMFXMQF,130.148,1.6,179.1768,1
ZADIXUN,125.5877,1.6,191.9685,1
KDAQPYC,127.8134,1.6,188.4483,1
FUYJLJP,121.0747,1.6,183.7778,1
SUPMGHZ,109.8416,1.6,183.517,1
JGOTPZA,109.8186,1.6,186.8474,1
MFLZUCF,94.56078,1.6,190.0374,1
GWLFPFY,108.814,1.6,195.145,283
JSYPGDR,106.4157,1.6,195.1612,1
VSAUSNG,58.70322,1.6,187.9083,1
UDJNFGH,36.18223,1.6,191.4498,1
MZUWHHY,29.17689,1.6,190.7969,1
UPECLZJ,15.00107,1.6,115.6499,1218
IGPVHDP,17.92828,1.6,117.3986,1812
PGSZSLV,33.05292,1.6,140.3,1
FKYQNTE,38.24933,1.6,121.1587,1
CDPJHCS,17.13058,1.6,115.3904,1
TFKWILY,9.333443,1.6,129.1563,360
BHREOZK,11.52634,1.6,128.5213,167
KUVMBOU,14.05161,1.6,127.0954,663
JVTLGGH,18.90012,1.6,134.6441,744
OBMEHYT,8.249657,1.6,131.0241,33
RGHJOTI,29.67,1.6,-15.28851,6301
UDMSTFP,17.94374,1.6,137.6866,1729
XJEMIUX,40.318,1.6,150.3909,738
IXGQRUV,41.42141,1.6,147.6974,2813
LPGEESR,45.69644,1.6,152.4368,11180
BXRILBW,60.60144,1.6,160.4727,3454
QHWWUQY,70.61726,1.6,168.1,635
DVOHQMB,95.57566,1.6,182.5056,448
JXIXDDG,94.67915,1.6,175.8272,61
GCFTGCO,97.34163,1.6,181.4,2047
RBBODSM,44.91938,1.6,153.2268,686
WTZOLOY,11.89788,1.6,139.3949,1
QMSRUKO,19.73614,1.6,144.5413,1
BQQLDGX,14.09252,1.6,143.6195,1
EMOZNSV,24.07018,1.6,156.0397,1
QEXMNKQ,18.92113,1.6,152.0399,1
AXBWCOS,13.34859,1.6,152.175,1
RDXJOTL,40.73376,1.6,163.7844,1
QCSSYYT,50.01228,1.6,164.2736,1
OCDFFHA,50.50051,1.6,171.0386,1
TJSCDFG,40.32259,1.6,171.5787,1
ZWSZSCD,37.9842,1.6,170.0609,1
YAZVSMT,31.22838,1.6,157.9907,1
ALWDWPX,59.9,1.6,161.7,376
ORXCVCF,71.3,1.6,166.6,1293
ALYREKP,56.36204,1.6,192.8179,1
ULYTVSH,24.68021,1.6,190.6093,1
ASZFOQN,18.88143,1.6,190.9243,1
PRTDRSY,23.77482,1.6,160.6355,1
SRCKVEI,18.18887,1.6,158.919,1
LOCINDA,11.97289,1.6,157.7099,1
DXYTWRR,9.032608,1.6,172.8227,1
BRRXUSP,12.69593,1.6,190.7725,1
GLITMRJ,6.561829,1.6,190.3062,1
QRQXYAR,-176.0201,1.6,-68.22685,1
PAJRBLA,-191.7383,1.6,-76.54674,1
NWYGPUI,-161.7081,1.6,-100.4257,1
MBYRZRU,-135.597,1.6,-125.58,5
KFMPSSI,-130.101,1.6,-134.8807,13
YYWXFTI,-123.4694,1.6,-187.5622,1
YDJQIDM,0.3327713,1.6,-154.5263,1
FRKJNXA,-18.56949,1.6,-163.6177,1
FLGWCLZ,-25.31418,1.6,-166.5101,2612
XYOBUJO,-13.06103,1.6,-165.4088,1
DTFCELU,-3.164604,1.6,-172.8365,49
MQWEMKA,-14.86271,1.6,-185.0117,109
JLPQKFI,-21.30901,1.6,-190.8849,28
UTUALBY,-11.57485,1.6,-189.6573,104
IKKJARK,-7.455345,1.6,-185.6953,85
GASCJHL,-4.030121,1.6,-187.7462,92
KNPYOOX,2.026741,1.6,-182.6,233
ZMFKABW,-78.65293,1.6,-164.2081,36
JASNRET,-49.11367,1.6,-144.7956,119
AIZQMDJ,-30.38139,1.6,-120.4469,73
VDFUYOE,-26.21178,1.6,-123.1652,77
EBRJNIN,-8.147774,1.6,-114.0818,56
RZVKNMP,-3.292503,1.6,-110.147,68
XTGGDCV,-18.24763,1.6,-110.425,124
MMDYUCR,1.371346,1.6,-94.91409,199
ULBERNE,-10.99224,1.6,-101.3682,76
LDQZKDL,17.26801,1.6,-107.146,23
WJXBHIY,2.026848,1.6,-111.2703,19
MJLRMRN,2.147636,1.6,-117.7049,19
MTSEDSN,-4.259026,1.6,-121.4504,19
IOAAMXA,-6.612419,1.6,-118.3407,19
REKSNYV,-2.015862,1.6,-126.4591,4
HQIRZUC,-14.38011,1.6,-122.3116,5
OEXJWAD,-9.53904,1.6,-131.6972,4
YHVGAEW,-22.33407,1.6,-126.506,3
LHHYFKV,-33.2931,1.6,-144.9426,3
MRARHQX,-17.26357,1.6,-136.0267,4
JOOKVSR,0.4720535,1.6,-188.9117,89
YGIRIQZ,-9.185234,1.6,-193.9163,8
MFGKXVX,-2.602165,1.6,-146.6014,2364
EVIXWJC,-3.564278,1.6,-143.3747,6
JQFXLEU,-81.61155,1.6,-182.0284,12
XNIYEFP,-80.20083,1.6,-188.9123,1
QRLLXIA,-71.08549,1.6,-187.0864,1
XNPROYF,-72.09702,1.6,-179.0229,18
GSVZKNH,-88.2485,1.6,-192.5198,1
FKANGHA,-92.05428,1.6,-184.1785,20
BSHMITL,-43.08567,1.6,-183.1662,1143
HLGBHKW,-44.7619,1.6,-181.9768,8
VFCLDXV,-51.12005,1.6,-190.7024,1
VXDIBOO,-60.32689,1.6,-187.9571,12
RXMEGMM,-56.60091,1.6,-186.839,201
CGKYZZN,-63.73875,1.6,-191.6956,441
GJAXYYL,-68.22588,1.6,-177.2957,752
WMOXMLO,-69.26769,1.6,-172.4903,5546
TDDXJZZ,-111.9114,1.6,-105.6704,1609
XTSRXPY,-125.0657,1.6,-93.69395,330
XJXBWDJ,-128.0858,1.6,-97.09777,1408
ODHXAYY,-131.7593,1.6,-100.8,1910
JAJVPRC,-134.1994,1.6,-88.46976,51
IKJPTNE,-136.4398,1.6,-91.08324,600
UYHSVAV,-92.26466,1.6,-135.9513,884
UGMBKIR,-169.8988,1.6,-140.4117,66
FVIIWLZ,-159.2397,1.6,-136.2647,280
IXINBIF,-157.9774,1.6,-138.7544,124
IWBXJKL,-174.2387,1.6,-145.6676,334
HALKCSQ,-176.5553,1.6,-141.6275,152
PEZXKCX,-193.9281,1.6,-168.1533,15
AUFAODD,-170.5173,1.6,-165.6982,116
DXVYNNM,-144.2196,1.6,-166.5852,108
TWTZRSE,-133.6808,1.6,-163.9357,84
RBCYCYL,-59.11488,1.6,-102.8691,67
AEVEVVF,-98.55579,1.6,-141.4828,209
SSUCNHL,-106.4878,1.6,-123.3856,270
DFPJQMN,-116.5388,1.6,-108.1619,251
KGYVEQV,-162.1232,1.6,-126.5139,2026
BCMRLKZ,-165.6549,1.6,-114.162,6415
ZVABNPO,-163.3483,1.6,-122.4712,3158
XGCHBVM,-181.8441,1.6,-129.3308,3818
SJUIXMX,-178.5479,1.6,-134.1887,687
VGFATKU,-151.654,1.6,-93.6694,85
LVACMLS,-147.9491,1.6,-99.24991,143
KXPUHLQ,-144.6963,1.6,-95.82283,192
GLZOGVQ,-131.823,1.6,-113.2929,4919
OCTMMUC,-137.393,1.6,-103.7822,6992
FTZXZBF,-185.3545,1.6,-121.4053,13615
EAGTXOJ,-164.5039,1.6,-96.87698,133
XTLSLCE,-189.9342,1.6,-107.7445,134
EAXRNWV,-191.7395,1.6,-102.3132,7
GUCPCAG,-167.1211,1.6,-92.24244,55
OGMJORW,-179.7071,1.6,-98.25502,2
MASUCWR,-194.129,1.6,-97.07789,7
NTBVAVW,-182.4368,1.6,-92.04956,8
LSMAGAQ,-172.1031,1.6,-86.60243,61
LBJLZND,-181.6155,1.6,-72.69766,128
CWPKQAJ,-189.238,1.6,-62.10415,17
CQTNWDM,-186.3663,1.6,-65.96786,60
DAIVWVA,-149.6199,1.6,-60.5161,15
WJCDDDJ,-139.8832,1.6,-73.75549,45
YLZBEQN,-143.5512,1.6,-75.74951,32
IDMGEUH,-146.5693,1.6,-78.28118,105
KMJWQZZ,-156.7051,1.6,-64.65909,55
JHQENSP,-160.3172,1.6,-60.06883,46
XBNHYQY,-165.5927,1.6,-64.73752,44
ZKASYZD,-119.7622,1.6,-55.08637,76
ZXUDCNV,-122.6019,1.6,-72.22417,102
HIKGUYF,-108.2567,1.6,-72.90222,123
ZRJDDJS,-120.8524,1.6,-89.88377,26
JEAAEMW,-107.4453,1.6,-75.78361,329
TWJCTPO,-103.1572,1.6,-87.68761,405
WFFSNWI,-116.0334,1.6,-100.9578,2291
JAXEULH,-102.0322,1.6,-120.8687,2292
IDCINDD,-68.26941,1.6,-80.44188,30
LRGXWEO,-83.8981,1.6,-81.74432,184
AUSBAUS,-74.44444,1.6,-88.94978,247
XAUZWVK,-72.05104,1.6,-72.90223,274
ONHHZZU,-54.25625,1.6,-86.09686,9
GEZOYDD,-59.09875,1.6,-91.13426,3
TBOBUCE,-65.8444,1.6,-68.42102,75
XTXJPQF,-56.05475,1.6,-64.00655,102
UGFUCDR,-48.08344,1.6,-61.13743,77
DMUHSGW,-46.79565,1.6,-70.15895,4
CGQNIUR,-53.45051,1.6,-71.70683,4
WHMXHXA,-32.08174,1.6,-55.11724,24
JTNHPSX,-32.20419,1.6,-58.02988,39
AWNPKJB,-32.06953,1.6,-65.21036,11
LOMJIWN,-37.00851,1.6,-67.90289,11
EZICZQV,-36.08385,1.6,-75.51256,30
OWADMLA,-53.79764,1.6,-94.47171,11
KSJYLUI,-62.43,1.6,-99.49586,14
HVHOANJ,-52.50698,1.6,-97.09917,15
OZEBOCD,-9.025978,1.6,-68.34922,14
PLDHUNJ,-14.98768,1.6,-66.538,14
ELUVMEP,-7.185616,1.6,-63.21904,27
RUPOOWQ,-1.213608,1.6,-59.64328,1494
HRZRNFO,7.025772,1.6,-55.2,125
WCZOXTO,4.894836,1.6,-45.32128,147
HNKVIVW,5.437561,1.6,-35.46821,15795
NSHSCSK,3.996506,1.6,-35.8492,109
HLRENNH,-3.680145,1.6,-18.41595,3936
SOJRVQR,2.686493,1.6,-18.37917,1714
MDDIKDY,3.658592,1.6,-9.917664,965
XHNYRVT,5.10952,1.6,-14.49971,933
VFSOIZT,2.234688,1.6,-7.714516,78
FMWZGZY,-0.4025955,1.6,-4.583916,895
TCUNOXD,-7.254143,1.6,-5.687157,431
FKONUIV,-13.26198,1.6,-5.481758,251
GJWIPWT,-8.046501,1.6,-9.981003,449
AEPMWPA,-8.452271,1.6,-16.43524,378
JKSSMAQ,-8.908539,1.6,-38.79486,186
WIMZOXU,-17.11353,1.6,-19.90334,296
NUDSQPH,-26.12618,1.6,-27.09069,30
BVPQEVO,-39.47533,1.6,-15.36176,57
BIUCYPJ,-31.39568,1.6,-29.80915,40
AWHQQXY,-21.85045,1.6,-46.53207,98
RJJVQWY,-31.24282,1.6,-48.29761,24
DHXLMRD,-96.62408,1.6,-52.04548,51
ACDASQA,-109.5292,1.6,-54.95507,1004
UBMSEII,-104.7916,1.6,-45.42788,274
QVNCFEE,-102.5687,1.6,-47.20636,31
ZCBMEWP,-94.71031,1.6,-34.36768,25
PZZWBNJ,-98.17258,1.6,-33.88957,111
NPDJBYG,-100.9069,1.6,-37.546,143
SMGYWGD,-106.4401,1.6,-35.1928,3
HBNCZRY,-109.5954,1.6,-29.2575,1
JPQJFWX,-116.9652,1.6,-26.97577,22
VKQURTI,-110.5742,1.6,-33.66792,3
RVWBQSP,-86.71694,1.6,-28.16836,15
SEIVXOX,-92.30952,1.6,-26.33635,102
YILIIDI,-89.21729,1.6,-31.95826,234
GJOKQOL,-90.25417,1.6,-40.56528,33
PAGDQUH,-82.83769,1.6,-39.08778,9
MZYLETF,-84.10748,1.6,-42.46823,3
LPZCJMN,-79.49474,1.6,-46.85114,34
LPVCCMY,-73.87431,1.6,-44.22885,21
MZFSXEK,-54.82977,1.6,-39.99672,137
KZZLPQR,-46.33085,1.6,-37.91605,85
LIZCKRQ,-43.22198,1.6,-17.60619,53
YLVAFMN,-63.61262,1.6,-0.9051514,30
ZKIIOOZ,-48.95597,1.6,-3.911186,23
JYWKWQQ,-52.94063,1.6,-12.30423,115
PFOOGOB,-66.48776,1.6,-3.843407,120
LNEFAJB,-64.78268,1.6,-33.86566,54
HNIYZKX,-75.34911,1.6,-14.01572,35
RXXYQLV,-70.28197,1.6,-19.62691,10
DKCGFNC,-67.21791,1.6,-24.59806,8
NTRSYCJ,-72.00018,1.6,-31.6339,17
NBGIXLF,-76.32208,1.6,-27.05727,7
HKDMNFX,-73.85248,1.6,0.03356934,467
SNSBPHT,-78.50113,1.6,-5.104164,4
BPWMQHK,-85.99362,1.6,-20.47516,31
YPFCZXD,-80.88531,1.6,-11.56414,42
RYDMVIR,-87.18681,1.6,-12.86629,41
EIVSMNU,-89.1527,1.6,-17.92379,26
NGOULNW,-82.45601,1.6,-22.99674,291
OEDULVQ,-93.21659,1.6,-15.09094,1
GRGAHTO,-99.20423,1.6,-15.9078,21
TRXZUQU,-91.5,1.6,-9.933617,58
PNCWSHC,-100.9237,1.6,-7.8619,260
GCYQCYO,-103.9715,1.6,-14.20043,215
YQMDTYR,-96.26921,1.6,-25.61034,150
CFFADRV,-123.4179,1.6,-51.1907,1
GETLGMC,-121.418,1.6,-37.17752,1
WXNKWJQ,-117.6737,1.6,-33.74743,73
PFNFZAZ,-122.1681,1.6,-19.59922,24
ALTZLLB,-122.9416,1.6,-29.44419,8
FBUQUTZ,-124.2149,1.6,-35.28414,1
CMSQQAC,-126.9289,1.6,-50.75278,1
FJBIWKD,-127.5751,1.6,-55.17795,1
CJQLMLH,-131.0923,1.6,-54.38289,1
HNWBQNB,-139.9009,1.6,-52.75283,5
MWBRKVH,-151.0644,1.6,-51.25214,4
DYFKRNM,-158.6947,1.6,-48.67449,1
MGZDQWD,-165.0443,1.6,-52.11472,2
USUHZZJ,-171.0951,1.6,-58.35572,90
UDMPMCY,-170.8785,1.6,-55.48895,2
IMQMYFT,-174.1512,1.6,-51.58081,2
UORJUQB,-168.7606,1.6,-47.73495,1
VNMKIAM,-162.6474,1.6,-43.80425,1
UQGHIOD,-165.2841,1.6,-33.51231,1
DQKPUEL,-167.2221,1.6,-36.55711,1
DNCESRK,-172.866,1.6,-41.26545,1
BHHJOLK,-182.3615,1.6,-39.70631,18
ZDAPSRO,-194.322,1.6,-46.32164,20
BWGYAUO,-187.4017,1.6,-55.73335,17
KIYZGBZ,-176.5272,1.6,-48.35396,3
TCBHLSF,-178.3734,1.6,-44.29807,1
RUAFJFW,-193.1285,1.6,-24.52058,18
JAJZZPE,-187.3638,1.6,-32.49258,16
WBPZATS,-175.4384,1.6,-29.98365,1
GXCUBWK,-184.9135,1.6,-18.01753,18
MIKEMOA,-176.3853,1.6,-10.3186,16
KUEYCES,-180.019,1.6,-13.06423,16
WZDTOHS,-182.5318,1.6,-15.78672,16
FYAPJEY,-170.1915,1.6,-27.95301,1
HXRQTZF,-164.7203,1.6,-29.54285,1
MPMUFIH,-155.0052,1.6,-31.19447,1
NUEAPHJ,-142.5382,1.6,-34.12975,1
ODIJTOU,-138.457,1.6,-23.97574,3
BAJQZNO,-136.7239,1.6,-16.38201,23
VAFQNAR,-135.5435,1.6,-28.79001,7
FCBWHXE,-107.8679,1.6,-8.936234,59
BIERFJM,-130.1726,1.6,-17.86906,32
OQWXHTW,-116.3422,1.6,-15.36855,104
LLTTHQU,-128.8411,1.6,-12.35077,98
LJEZDOC,-127.4196,1.6,-4.958679,545
EHQSTWJ,-149.9881,1.6,-5.283272,970
XYTWBQT,-140.9686,1.6,-14.92641,23
XWXDCVV,-151.0926,1.6,-13.11922,393
XSGRIZM,-170.4061,1.6,-8.050117,1414
JVSWSLJ,-176.5715,1.6,-6.740982,7793
OSZXXAA,-182.6176,1.6,-5.180481,2859
UNZPLIY,-117.6908,1.6,-20.12806,136
ESCEIZT,-192.3554,1.6,-2.318367,1268
GADWBRO,33.44514,1.6,-127.506,993
NXDINTG,32.50877,1.6,-124.2337,21
WATAICQ,7.36676,1.6,-101.8872,39
DWFYYWV,8.745071,1.6,-107.6753,21
UVBRJJV,66.57053,1.6,-81.44228,233
NZLEHFW,47.86467,1.6,-78.86906,80
FDIEIHL,46.02783,1.6,-71.23273,45
AKYQPHJ,49.53788,1.6,-78.22955,139
ZBWYYMJ,59.95459,1.6,-62.15291,102
WYDBCIN,74.24953,1.6,-87.86212,1557
AXYBPJU,83.94373,1.6,-62.77859,247
OOFKJDU,100.4021,1.6,-80.47827,28
DTNNMUK,98.40625,1.6,-75.86746,52
IAFXGTW,102.512,1.6,-72.09294,48
ANDUGKL,98.59639,1.6,-90.95465,124
IBRXUPR,42.02573,1.6,-91.48502,1513
KVNMWOS,29.50917,1.6,-107.9178,885
WAIIOZU,36.16759,1.6,-98.83106,268
PFZMPAX,25.8671,1.6,-104.9376,44
JPYTPXC,16.27888,1.6,-101.0704,37
QXALLGX,32.79261,1.6,-116.1438,7315
XCHUAAF,48.98644,1.6,-108.1657,228
CVZFXPV,55.82,1.6,-116.3,1043
XTHKLVG,53.06,1.6,-115.75,201
VJKZUMN,48.741,1.6,-112.8213,18
LCELYPU,43.05167,1.6,-114.808,18
HNOGWUP,40.93441,1.6,-111.6205,402
LFQPFLT,68.49721,1.6,-136.3605,77
LULAFAA,67.64389,1.6,-128.8607,56
VVTNSVT,61.78003,1.6,-130.7374,316
ARZTMPP,186.0594,1.6,-185.5734,2
LQHUXRT,96.53453,1.6,-187.4985,13
FBPSKRM,83.96445,1.6,-191.0581,1
YIKIBYU,81.81808,1.6,-190.3497,872
DAFUSLT,85.91968,1.6,-173.073,2066
KTQFRDH,83.62831,1.6,-172.4836,1790
VAFFZAC,67.17445,1.6,-157.1852,23
ZQLZIBN,67.43681,1.6,-158.1943,842
UBWBIHC,71.68398,1.6,-154.9215,9
TSREBCD,72.11692,1.6,-155.6951,7098
FIZLBUW,86.8512,1.6,-148.1488,798
NZZAPRP,87.96541,1.6,-152.3581,385
UEHDTEM,78.02631,1.6,-153.1217,139
HJTMUDI,78.96197,1.6,-157.2882,1408
TOCXIGJ,85.52199,1.6,-157.0862,1963
VHJYQBR,83.08321,1.6,-157.8906,1381
GWIRDHC,82.75192,1.6,-146.666,2018
UFWCRON,79.81425,1.6,-147.5419,3515
VESSVAD,72.29628,1.6,-116.7793,4523
NSEIGWG,68.1291,1.6,-117.8161,2452
UQHORIN,76.22269,1.6,-115.8456,685
SHIQCNR,70.80228,1.6,-112.1838,3488
NFORHUR,67.40327,1.6,-102.3855,229
VGKXLWM,52.93857,1.6,-108.5915,482
EPGSIBT,56.75241,1.6,-107.0015,705
PBDHHWJ,61.69304,1.6,-108.5523,6899
YKDTEZF,61.17462,1.6,-112.8812,463
DPTWRBQ,47.39088,1.6,-103.1386,1290
BZLYTEI,46.09309,1.6,-104.9013,259
KVKXUQJ,44.15499,1.6,-101.0256,1719
BBOHRDY,43.00618,1.6,-102.4147,354
ZGKCVKD,43.98386,1.6,-105.2455,2770
UJOLQYJ,42.59411,1.6,-104.1827,401
EXDZGMK,14.76559,1.6,-131.6181,2467
OVSXFXK,13.41079,1.6,-129.7818,3
MSRZKVP,18.61332,1.6,-123.9026,887
SJVJBDL,16.66766,1.6,-123.4483,3
THUXKMM,27.03024,1.6,-113.8138,1302
MIBFRLK,25.77106,1.6,-112.2543,608
FPBZXHG,22.36554,1.6,-116.5818,1368
QAXYITX,21.2832,1.6,-114.8303,47
NWRNWHI,24.56469,1.6,-116.2943,1738
VYSRLKU,25.80382,1.6,-115.6329,91
ZIIWXHT,28.71449,1.6,-122.0704,580
VBXRAQV,30.43951,1.6,-121.268,112
ZHDHWHZ,31.90999,1.6,-129.4898,2451
WPXGNJC,29.91028,1.6,-129.9114,1207
MRVVQTE,21.73303,1.6,-156.5651,5804
VYNVATN,20.13547,1.6,-156.0266,3782
OTTRNBV,20.41259,1.6,-168.9549,2547
MPOADFM,17.99706,1.6,-169.8661,1314
EMIGSSW,27.92874,1.6,-178.6753,790
GAROMND,29.52089,1.6,-181.5568,1460
HTISADF,28.72869,1.6,-185.8701,1
AJWEAKX,26.74754,1.6,-186.1629,1
JZVONHK,21.92455,1.6,-183.5571,3029
TUQGJUB,19.93611,1.6,-181.6546,6458
SUAMOGW,20.17674,1.6,-177.4,504
UCVELWZ,22.93124,1.6,-176.5154,922
NIFOHCQ,32.06789,1.6,-177.742,148
LNIGEDP,33.41783,1.6,-179.3834,344
ZMTBZKW,46.77423,1.6,-169.3331,112
WBOHMCF,47.47847,1.6,-170.9953,540
SMBVZID,8.280075,1.6,-190.9305,5
VAQGIHU,5.183525,1.6,-180.2114,3346
JSAMQDA,6.933762,1.6,-186.7975,396
MKIBPLM,15.62616,1.6,-170.2133,2547
WXEOKTE,23.78836,1.6,-126.5454,1
YRFKZCZ,18.27849,1.6,-129.4384,1
FZVKOKU,18.95682,1.6,-137.7833,1
OJAJAZF,13.90113,1.6,-139.1944,1
JZOBINM,16.06915,1.6,-155.3388,458
WGSBYVU,12.36815,1.6,-147.5139,1
AJFRPYF,36.51537,1.6,-150.9854,217
IAADMKM,33.61174,1.6,-153.1658,205
OTGMGZN,34.65345,1.6,-150.0388,178
FOEEJAG,27.00677,1.6,-152.8235,322
CKRHJOG,56.59972,1.6,-159.0218,171
MBRVEHN,55.2163,1.6,-155.7497,1366
AADYUQX,26.35693,1.6,-172.3351,3420
WMCETLU,27.7678,1.6,-174.3257,192
VXBCIGZ,33.09442,1.6,-162.8345,2348
HKUZFKD,34.95694,1.6,-167.7308,2648
KMLKUQR,35.72402,1.6,-169.9063,346
LORMMPP,35.99438,1.6,-126.0173,1355
DVSQXME,42.17286,1.6,-150.4255,192
GCIMOJI,43.95736,1.6,-159.1983,884
QZHCIDB,45.62632,1.6,-165.4214,1776
ADGJTKS,54.66919,1.6,-191.9434,1036
LYWWMUC,65.56102,1.6,-191.3194,269
THUJYGN,69.31068,1.6,-187.3934,168
BYGXAIA,73.12305,1.6,-149.2045,45
UKRUMVP,72.26047,1.6,-142.5263,60
DTENBLW,64.50444,1.6,-144.6328,234
OBZCUEN,66.12926,1.6,-151.191,6628
UIKLFXE,69.19653,1.6,-166.6588,918
GWQGODT,71.44981,1.6,-178.153,462
UVGYQQX,74.44503,1.6,-165.5086,69
KYJMXJW,78.0545,1.6,-182.8768,11
AUYKOZG,73.71783,1.6,-184.9537,621
BHDCWCY,93.10708,1.6,-194.8566,22
FCIQYRR,104.563,1.6,-183.2917,22
GHFGARE,100.5459,1.6,-170.6418,19
GGSBOMC,95.37556,1.6,-169.3091,14
TEEWSCY,94.70675,1.6,-161.3141,14
KDXQCEV,109.3457,1.6,-155.7921,2
GHUOOYN,105.7008,1.6,-155.8897,24
RBUBMPI,191.4474,1.6,-163.4187,5
TTOCKAW,187.1274,1.6,-163.8156,9
DYBUVCF,182.5342,1.6,-161.7821,65
SUZWGEZ,184.2025,1.6,-152.7461,4
ZOKZBJJ,178.5964,1.6,-150.4036,5
TGHFQDZ,174.3954,1.6,-158.9776,15
AOHZXNE,176.2212,1.6,-152.1092,15
QJEVGYX,173.6498,1.6,-151.6269,109
GTPOGRW,159.432,1.6,-167.8071,12
KIEEXQC,169.4137,1.6,-168.7244,48
QZPVUYX,168.7352,1.6,-184.6138,2
OTSBSPN,178.4032,1.6,-184.5174,3
GPOQASF,187.623,1.6,-176.5494,2
FVUYYAC,180.4987,1.6,-168.0432,2
ZVSKQSJ,178.6539,1.6,-174.8929,5
XNQNODZ,102.3573,1.6,-146.1387,1109
ELRZBCU,103.6824,1.6,-147.9394,194
WJJGQBP,135.976,1.6,-136.8594,522
TRMYTUS,136.8017,1.6,-139.0106,425
LJQLXXJ,146.8123,1.6,-141.0045,2041
MPKBPUA,145.6992,1.6,-142.2467,758
PEEVKSC,144.1337,1.6,-138.1339,1121
YCPJIEF,141.5765,1.6,-137.3745,27
PPXUNOR,171.2952,1.6,-160.3023,13609
OPEBZOS,170.5615,1.6,-162.5872,2726
HQVUOFQ,193.6246,1.6,-166.962,1
ZMLSQIV,193.8914,1.6,-168.692,9415
JZSMESV,160.9507,1.6,-132.2025,96
VNGHAVL,143.5042,1.6,-134.3814,2273
LAQPIHW,93.53083,1.6,-93.28774,1965
KIWSOUZ,102.4936,1.6,-104.9673,3937
WGXGCZW,116.5468,1.6,-116.3717,2047
OBXEGQH,124.2624,1.6,-116.9635,1147
EDUQBMP,172.9325,1.6,-101.3072,108
XZXDVUR,169.0421,1.6,-104.8112,96
HFXMBUK,165.0058,1.6,-103.2962,93
XYGVMJM,157.8692,1.6,-100.1071,91
UUQJFSB,152.5839,1.6,-100.5496,171
VHAZLCA,131.9646,1.6,-113.9599,2444
DCFENXI,192.723,1.6,-109.5888,989
JYFCJNI,181.0867,1.6,-94.57648,2080
SVNGCFT,168.5462,1.6,-80.21404,1805
XOTDTAM,187.8313,1.6,-88.19605,340
OIPXPTJ,175.0527,1.6,-72.89366,271
VVQEHPV,100.3681,1.6,-67.41448,1012
PRKHOII,130.6152,1.6,-57.2993,2100
URDOWUO,154.3861,1.6,-67.95434,1956
XLNQGGK,167.325,1.6,-61.51832,344
VIYOSUW,172.0715,1.6,-56.3421,1255
QUMFQQS,132.8668,1.6,-40.0145,1022
MDZBYQL,91.85995,1.6,-46.70505,966
NZKVWZW,49.1023,1.6,-61.27088,2306
TVYJUPB,30.17308,1.6,-74.08347,1333
HXZTIRI,101.7084,1.6,-48.82016,1014
PIQKYSM,92.17898,1.6,-63.83892,249
NSNEUUE,89.06921,1.6,-74.67349,3575
OMVJYBA,63.64083,1.6,-98.51163,6177
OBRVLVV,55.24787,1.6,-96.00959,1235
LZDHGVU,52.4337,1.6,-92.04309,291
UFNWOKR,62.20317,1.6,-72.47504,309
UEHBHED,46.2298,1.6,-80.70977,609
XVYHKAT,37.02454,1.6,-81.5257,1166
RYFOLUV,19.88384,1.6,-97.09803,246
ZURZAOH,29.79014,1.6,-87.03738,478
QALWIJN,22.41141,1.6,-81.10616,918
SFAWAFA,14.86666,1.6,-81.54704,166
GPYCTYW,38.81963,1.6,-94.06898,4292
XMSFSQS,37.6678,1.6,-94.72535,1025
ABJTDDT,141.024,1.6,-7.855293,813
XSRFVBG,116.8444,1.6,-9.583321,604
MGLWVLV,115.3175,1.6,-4.776535,4734
EMECZUY,188.1908,1.6,-24.45911,4566
VYDBQHA,191.5332,1.6,-21.53741,1075
HDFMPLZ,188.653,1.6,-34.72588,1781
SOVIOBY,187.3077,1.6,-12.06097,17
YQGIVSH,193.8192,1.6,4.407852,31
TIEGNFU,184.7997,1.6,-9.744858,25
PTKSVHH,184.6902,1.6,-15.04942,4338
RPQDNCL,180.5588,1.6,-11.56337,611
EQLAFQE,174.838,1.6,-16.05429,8071
JIZNRGB,173.6349,1.6,-9.260498,2241
NYFBFDP,169.0125,1.6,-0.3273392,331
LJHRMWH,168.2029,1.6,-8.573067,523
ICBPDBN,166.3596,1.6,-14.96469,925
NVYXXKB,165.7821,1.6,-8.434525,1224
CDHXGZO,150.9792,1.6,-2.502121,11
QWCFYRJ,151.1473,1.6,-8.037041,1247
UBXEMEU,161.4907,1.6,-12.91291,733
UGVPVMB,147.521,1.6,-11.82133,529
KHJYNZQ,128.6934,1.6,-12.33708,864
WBCEKOK,114.9214,1.6,-13.91109,7
UIUWDHO,103.7984,1.6,-15.15599,59
FFIJWKQ,95.91098,1.6,-10.32207,547
BKWJJMG,80.29377,1.6,-21.20647,87
DWZPGEA,66.90916,1.6,-27.57484,31
ZRRMVFP,77.13312,1.6,-15.11285,527
BYXCWTQ,63.74117,1.6,-21.15282,216
JFHASUT,61.42376,1.6,-15.3353,751
LSTDBJD,89.8,1.6,-3.1,1557
NOMAEHD,76.56005,1.6,-6.155472,1877
FFFRTCC,60.27735,1.6,-13.13049,2205
QZGGEXC,21.81758,1.6,-38.23365,13
MSWLOEM,23.69367,1.6,-41.61574,22
DQPTRFG,20.06263,1.6,-43.63602,22
HHPSWEU,14.67761,1.6,-46.92978,11
MKERBNG,16.6,1.6,-56.7,216
UPCJZZJ,24.85759,1.6,-51.21338,294
GHPJRDI,40.46675,1.6,-42.24652,475
QIGMTFY,31.56262,1.6,-33.78522,30
CSLRAWI,20.94431,1.6,-20.81198,38
ZKSZVVS,25.18565,1.6,-28.28752,25
PTZNCWG,22.36376,1.6,-34.00612,25
DWQZTFB,15.83414,1.6,-37.5712,61
EYXFRPY,10.84144,1.6,-36.74316,32
UXGJJLH,11.43094,1.6,-33.84883,32
NLXPKEP,9.71946,1.6,-30.23498,32
TDQIFPV,6.126953,1.6,-28.8886,32
ETZUMNI,13.39766,1.6,-19.45848,42
ZFZJJNW,36.39618,1.6,-30.30556,95
BHUTYZL,48.06775,1.6,-27.01706,79
FNGIFFD,45.45363,1.6,-27.94292,133
ELXBEJG,49.74987,1.6,-35.81261,134
SINWOLT,54.56629,1.6,-31.84164,77
VHQAKZC,56.53503,1.6,-24.46588,576
IUMJVMR,48.22823,1.6,-21.22146,4250
IKFFDWP,16.47466,1.6,-10.10233,1623
AKVXUVV,-167.819,1.5,72.7989,15181