Hour,Occupancy/Capacity Sum,Occupancy/Capacity Avrg
0,0.399943434012433,0.0181792470005651
0.01,0.189095097904404,0.00859523172292745
0.02,0.196944980726888,0.0089520445784949
0.03,0.191656003589742,0.00871163652680645
0.04,0.373357794247568,0.0169708088294349
0.05,0.189247359366467,0.00860215269847575
0.06,0.0978690353222191,0.00444859251464632
0.07,0.134438200853765,0.00611082731153477
0.08,0.0425000013783574,0.00193181824447079
0.09,0.102676166997602,0.00466709849989098
0.1,0.17550754128024,0.00797761551273817
0.11,0.108089886140078,0.00491317664273083
0.12,0.0716853924095631,0.00325842692770741
0.13,0,0
0.14,0,0
0.15,0,0
0.16,0,0
0.17,0.0333333350718021,0.00151515159417282
0.18,0.0519912616970638,0.00236323916804836
0.19,0.0802905187010765,0.00364956903186711
0.2,0.112302265285204,0.00510464842205472
0.21,0.147556953132153,0.00670713423327966
0.22,0.0885567949153483,0.00402530885978856
0.23,0.14500000141561,0.00659090915525501
0.24,0.122830108972266,0.00558318677146665
0.25,0.0620037443004549,0.00281835201365704
0.26,0.00866141729056835,0.000393700785934925
0.27,0.0625842688605189,0.00284473949365995
0.28,0,0
0.29,0,0
0.3,0,0
0.31,0,0
0.32,0,0
0.33,0,0
0.34,0.201074286177754,0.00913974028080702
0.35,0.179171732394025,0.00814416965427385
0.36,0.0465504894964397,0.00211593134074726
0.37,0.104036696255207,0.00472894073887305
0.38,0.0573689141310751,0.00260767791504887
0.39,0.128023494966328,0.00581924977119673
0.4,0.148683639708906,0.00675834725949575
0.41,0.0283333342522383,0.00128787882964719
0.42,0,0
0.43,0,0
0.44,0,0
0.45,0,0
0.46,0,0
0.47,0,0
0.48,0,0
0.49,0.332748852049311,0.0151249478204232
0.5,0.292361588527759,0.0132891631148981
0.51,0.0693444544449449,0.0031520206565884
0.52,0.0961861051619053,0.00437209568917751
0.53,0.00939849624410272,0.000427204374731942
0.54,0.0449541285634041,0.00204336948015473
0.55,0.10469418981423,0.00475882680973772
0.56,0.0610299631953239,0.00277408923615109
0.57,0.0539325848221779,0.00245148112828081
0.58,0,0
0.59,0.0688202250748873,0.00312819204885851
1,0.0233333334326744,0.00106060606512156
1.01,0,0
1.02,0.072265918366611,0.00328481447120959
1.03,0,0
1.04,0.0975569523870945,0.00443440692668611
1.05,0.185292478278279,0.00842238537628542
1.06,0.241108428686857,0.0109594740312208
1.07,0.12642569715778,0.00574662259808092
1.08,0.0460674166679382,0.00209397348490628
1.09,0.0809130324050784,0.00367786510932175
1.1,0.0425438601523638,0.00193381182510744
1.11,0.0732890693470836,0.00333132133395834
1.12,0.0792602985166013,0.0036027408416637
1.13,0,0
1.14,0,0
1.15,0,0
1.16,0,0
1.17,0,0
1.18,0,0
1.19,0.12348125812908,0.00561278446041273
1.2,0.380691992118955,0.0173041814599525
1.21,0.255189328454435,0.011599514929747
1.22,0.177921682596207,0.00808734920891849
1.23,0.226704894875487,0.0103047679488858
1.24,0.0695656035095453,0.00316207288679751
1.25,0.0350984251126647,0.00159538295966658
1.26,0.126284403726459,0.00574020016938448
1.27,0.0238888890792926,0.0010858585945133
1.28,0,0
1.29,0,0
1.3,0.025000000372529,0.00113636365329677
1.31,0.0241666669026017,0.00109848485920917
1.32,0.0528089888393879,0.00240040858360854
1.33,0,0
1.34,0.255221573635936,0.0116009806198153
1.35,0.102370886132121,0.00465322209691459
1.36,0.206926441751421,0.0094057473523373
1.37,0.128577983006835,0.00584445377303795
1.38,0.148771930485964,0.00676236047663472
1.39,0.0595505610108376,0.0027068436823108
1.4,0,0
1.41,0.194060234973828,0.00882091977153764
1.42,0.0272727273404598,0.00123966942456636
1.43,0,0
1.44,0,0
1.45,0,0
1.46,0.0617977529764175,0.00280898877165534
1.47,0.0651685371994972,0.00296220623634078
1.48,0,0
1.49,0.315404206514359,0.0143365548415618
1.5,0.21147811661164,0.00961264166416544
1.51,0.252645786851645,0.0114838994023475
1.52,0.193758528679609,0.00880720584907315
1.53,0.221666665747762,0.0100757575339892
1.54,0.102500000968575,0.00465909095311707
1.55,0.0916666655490796,0.00416666661586725
1.56,0.0674157291650772,0.00306435132568533
1.57,0,0
1.58,0.0674157291650772,0.00306435132568533
1.59,0,0
2,0.0941198505461216,0.00427817502482371
2.01,0.0741573050618172,0.00337078659371896
2.02,0,0
2.03,0.0216666664928198,0.000984848476946354
2.04,0.245526070396105,0.0111602759270957
2.05,0.255897905677557,0.0116317229853435
2.06,0.344828573986888,0.0156740260903131
2.07,0.201144067570567,0.00914291216229851
2.08,0.148375436663628,0.00674433803016489
2.09,0.223788338402907,0.0101721972001321
2.1,0.0756554330388705,0.00343888331994866
2.11,0.225176427513361,0.0102352921596982
2.12,0.036363635212183,0.00165289250964468
2.13,0.0786516889929771,0.00357507677240805
2.14,0,0
2.15,0.0808988735079765,0.00367722152308984
2.16,0,0
2.17,0.0786516889929771,0.00357507677240805
2.18,0.0191666660830379,0.000871212094683539
2.19,0.17071077413857,0.00775958064266226
2.2,0.247464557178319,0.0112483889626508
2.21,0.23337630306681,0.0106080137757641
2.22,0.100689925253391,0.00457681478424506
2.23,0.172759395403167,0.00785269979105303
2.24,0.230852488428354,0.0104932949285616
2.25,0.0574152991175652,0.00260978632352569
2.26,0.131151426583529,0.00596142848106948
2.27,0,0
2.28,0,0
2.29,0,0
2.3,0.0183333326131105,0.000833333300595934
2.31,0,0
2.32,0,0
2.33,0.0495412833988667,0.0022518765181303
2.34,0.269891591121753,0.0122677995964433
2.35,0.407159956047932,0.0185072707294515
2.36,0.284837228246033,0.0129471467384561
2.37,0.189722536752621,0.0086237516705737
2.38,0.204166663810611,0.00928030290048231
2.39,0.120946295559406,0.00549755888906392
2.4,0.0939483568072319,0.00427037985487418
2.41,0.0786516889929771,0.00357507677240805
2.42,0.0422535203397274,0.0019206145608967
2.43,0,0
2.44,0,0
2.45,0,0
2.46,0.0797752812504768,0.00362614914774895
2.47,0.0831460654735565,0.00377936661243439
2.48,0,0
2.49,0.326627133414149,0.0148466878824613
2.5,0.381541802082211,0.017342809185555
2.51,0.081278195604682,0.00369446343657645
2.52,0.131369604884336,0.00597134567656074
2.53,0.328146070241928,0.0149157304655422
2.54,0.279418475925922,0.0127008398148147
2.55,0.0831460654735565,0.00377936661243439
2.56,0.0149999996647239,0.000681818166578358
2.57,0.0853932574391365,0.00388151170177893
2.58,0.0831460654735565,0.00377936661243439
2.59,0.109461855143309,0.00497553887015039
3,0,0
3.01,0,0
3.02,0.0133333336561918,0.000606060620735992
3.03,0.0403669737279415,0.00183486244217916
3.04,0.13124126419425,0.00596551200882955
3.05,0.298492517322302,0.0135678416964683
3.06,0.209886602126062,0.00954030009663918
3.07,0.100936328992248,0.00458801495419307
3.08,0.332977522785465,0.0151353419447939
3.09,0.216666670516133,0.00984848502346061
3.1,0.108479191083461,0.0049308723219755
3.11,0.041284404695034,0.00187656384977427
3.12,0.0849999999627471,0.00386363636194305
3.13,0,0
3.14,0,0
3.15,0,0
3.16,0.0998127330094576,0.0045369424095208
3.17,0.0876404494047165,0.00398365679112348
3.18,0,0
3.19,0.118101231753826,0.0053682378069921
3.2,0.479867032418648,0.0218121378372113
3.21,0.298242593184114,0.0135564815083688
3.22,0.0584480119869113,0.00265672781758688
3.23,0.061375723220408,0.00278980560092763
3.24,0.0202445089817047,0.000920204953713851
3.25,0.0532798152416945,0.00242180978371338
3.26,0,0
3.27,0.0994947538711131,0.00452248881232332
3.28,0.0831460691988468,0.00377936678176576
3.29,0,0
3.3,0,0
3.31,0.0950655438937247,0.00432116108607839
3.32,0,0
3.33,0.0786516852676868,0.00357507660307667
3.34,0.106772497296333,0.00485329533165151
3.35,0.23625964174668,0.0107390746248491
3.36,0.23372358456254,0.0106237992982973
3.37,0.300149813294411,0.0136431733315641
3.38,0.360954159249862,0.0164070072386301
3.39,0.0853932574391365,0.00388151170177893
3.4,0.187427919358015,0.00851945087990977
3.41,0.079090909101069,0.00359504132277586
3.42,0,0
3.43,0.0750000029802322,0.00340909104455601
3.44,0,0
3.45,0.0820224732160568,0.00372829423709349
3.46,0,0
3.47,0,0
3.48,0.0348623842000961,0.0015846538272771
3.49,0.119028029032052,0.00541036495600234
3.5,0.258618115261197,0.011755368875509
3.51,0.182168826460838,0.00828040120276538
3.52,0.32003759406507,0.0145471633665941
3.53,0.286666666467985,0.013030303021272
3.54,0.197465099394321,0.00897568633610552
3.55,0.0741573050618172,0.00337078659371896
3.56,0,0
3.57,0.0764044970273972,0.00347293168306351
3.58,0.0900000035762787,0.00409090925346721
3.59,0.0707865171134472,0.00321756895970215
4,0.0651685371994972,0.00296220623634078
4.01,0,0
4.02,0,0
4.03,0,0
4.04,0.399680738647779,0.0181673063021718
4.05,0.478333227646848,0.0217424194384931
4.06,0.173829590901732,0.00790134504098784
4.07,0.101865784265101,0.00463026292114095
4.08,0.318539317697287,0.0144790598953312
4.09,0.0860833413898945,0.00391287915408611
4.1,0.179237138479948,0.00814714265817946
4.11,0.00909090880304575,0.00041322312741117
4.12,0.344714583208164,0.0156688446912802
4.13,0,0
4.14,0.0640449430793524,0.0029111337763342
4.15,0,0
4.16,0.00909090880304575,0.00041322312741117
4.17,0.0166666661389172,0.000757575733587146
4.18,0,0
4.19,0.383266766555607,0.0174212166616185
4.2,0.259162837639451,0.0117801289836114
4.21,0.197913777083158,0.0089960807765072
4.22,0.0900000035762787,0.00409090925346721
4.23,0.483406125878294,0.0219730057217407
4.24,0.303027518093586,0.013773978095163
4.25,0.062093410640955,0.00282242775640704
4.26,0,0
4.27,0.0479824561625719,0.00218102073466236
4.28,0,0
4.29,0,0
4.3,0.0199999995529652,0.000909090888771144
4.31,0,0
4.32,0,0
4.33,0.0595505610108376,0.0027068436823108
4.34,0.431605221082767,0.0196184191401258
4.35,0.391487997956574,0.0177949089980261
4.36,0.212940060223142,0.00967909364650647
4.37,0.434937577694654,0.0197698898952116
4.38,0.331666668877006,0.0150757576762275
4.39,0.334951700642705,0.0152250773019411
4.4,0,0
4.41,0.168785410001874,0.00767206409099427
4.42,0.0233333334326744,0.00106060606512156
4.43,0.100000001490116,0.0045454546131871
4.44,0,0
4.45,0.0528089888393879,0.00240040858360854
4.46,0.0516853928565979,0.00234933603893627
4.47,0.08024837449193,0.00364765338599682
4.48,0.0350877195596695,0.00159489634362134
4.49,0.409409044931332,0.0186095020423333
4.5,0.479193152238925,0.0217815069199511
4.51,0.229338543489575,0.0104244792495262
4.52,0.496249748393893,0.022556806745177
4.53,0.33653100579977,0.0152968638999896
4.54,0.340936335424582,0.0154971061556628
4.55,0.153855677694082,0.00699343989518556
4.56,0.050187266121308,0.00228123936915036
4.57,0.0494382008910179,0.00224719094959172
4.58,0.0867731124162674,0.00394423238255761
4.59,0,0
5,0,0
5.01,0,0
5.02,0,0
5.03,0.0828024595975876,0.00376374816352671
5.04,0.147990382835269,0.00672683558342132
5.05,0.210767549773057,0.0095803431715026
5.06,0.174728462472558,0.00794220283966173
5.07,0.487607214599848,0.0221639642999931
5.08,0.492824190207535,0.022401099554888
5.09,0.419796731943886,0.019081669633813
5.1,0.0996185913681984,0.00452811778946356
5.11,0.20562931895256,0.00934678722511638
5.12,0.0617977511137724,0.00280898868698965
5.13,0,0
5.14,0.0860018711537123,0.00390917596153238
5.15,0.0640449430793524,0.0029111337763342
5.16,0.07926029805094,0.00360274082049727
5.17,0,0
5.18,0,0
5.19,0.452990125864744,0.0205904602665793
5.2,0.581181081260244,0.0264173218754656
5.21,0.252787156961858,0.0114903253164481
5.22,0.142349480651319,0.00647043093869632
5.23,0.543178355321288,0.0246899252418767
5.24,0.435833347029984,0.0198106066831811
5.25,0.0224999999627471,0.00102272727103396
5.26,0.237453291192651,0.0107933314178478
5.27,0.236750338226557,0.010761379010298
5.28,0.0707865171134472,0.00321756895970215
5.29,0.0764044970273972,0.00347293168306351
5.3,0.0707865171134472,0.00321756895970215
5.31,0,0
5.32,0,0
5.33,0,0
5.34,0.206504408536213,0.00938656402437331
5.35,0.317614605184644,0.0144370275083929
5.36,0.277044628125926,0.0125929376420875
5.37,0.653252013027668,0.0296932733194395
5.38,0.55490027492245,0.0252227397692023
5.39,0.498011375963688,0.0226368807256222
5.4,0.182313684374094,0.00828698565336791
5.41,0.0125984251499176,0.000572655688632618
5.42,0.252947462101777,0.0114976119137172
5.43,0,0
5.44,0.0820224732160568,0.00372829423709349
5.45,0.0272727273404598,0.00123966942456636
5.46,0.0300000002607703,0.00136363637548956
5.47,0.133638871833682,0.00607449417425828
5.48,0.088547402061522,0.00402488191188736
5.49,0.588458540538947,0.026748115479043
5.5,0.797741441987455,0.0362609746357934
5.51,0.328297128745665,0.0149225967611666
5.52,0.771576780825853,0.0350716718557206
5.53,0.78708287095651,0.0357764941343868
5.54,0.60636424086988,0.0275620109486309
5.55,0.21705657367905,0.00986620789450226
5.56,0.193807335570455,0.00880942434411157
5.57,0.255468163639307,0.0116121892563321
5.58,0,0
5.59,0,0
6,0,0
6.01,0.0988764055073261,0.00449438206851482
6.02,0.138623593375087,0.00630107242614031
6.03,0.105221711099148,0.00478280504996126
6.04,0.719055864339073,0.0326843574699579
6.05,0.879906983052691,0.0399957719569405
6.06,0.563081225557696,0.0255946011617135
6.07,0.834238909184933,0.0379199504174969
6.08,0.754376754164696,0.0342898524620316
6.09,0.868449866150816,0.0394749939159462
6.1,0.882747108116746,0.0401248685507612
6.11,0.575098885223269,0.0261408584192395
6.12,0.419725593179464,0.019078436053612
6.13,0.191803706809878,0.00871835030953992
6.14,0,0
6.15,0.0318181812763214,0.00144628096710552
6.16,0.255272251367569,0.0116032841530713
6.17,0.0425000004470348,0.00193181820213795
6.18,0.169428840279579,0.00770131092179905
6.19,0.600929296265046,0.0273149680120475
6.2,1.1628466764465,0.0528566671112044
6.21,1.05555562892308,0.0479798013146854
6.22,0.847410360413293,0.0385186527460588
6.23,0.870232866456111,0.0395560393843687
6.24,1.22491652099416,0.0556780236815526
6.25,0.565783044944207,0.0257174111338276
6.26,0.26720383670181,0.0121456289409914
6.27,0.582288555800915,0.0264676616273143
6.28,0,0
6.29,0.245335534214973,0.0111516151915897
6.3,0.223669566214085,0.0101667984642766
6.31,0.054166667163372,0.00246212123469873
6.32,0.188925771353145,0.00858753506150661
6.33,0,0
6.34,0.877937970062097,0.039906271366459
6.35,1.19120379273913,0.0541456269426876
6.36,0.87312690683951,0.0396875866745232
6.37,1.26600742377341,0.0575457919897004
6.38,1.00207541993864,0.0455488827244834
6.39,0.681604048237205,0.0309820021926002
6.4,0.783575111068785,0.0356170505031266
6.41,0.561923161149025,0.0255419618704102
6.42,0.557666659168899,0.0253484845076772
6.43,0.160674158483744,0.00730337084017017
6.44,0.0591666661202908,0.00268939391455867
6.45,0.226001871749759,0.0102728123522618
6.46,0.335632972419262,0.0152560442008755
6.47,0.0526315793395042,0.00239234451543201
6.48,0.116513762623072,0.00529608011923053
6.49,1.12842624746263,0.0512921021573923
6.5,1.6353805233414,0.0743354783336999
6.51,1.73931276737195,0.0790596712441795
6.52,1.46205775936445,0.0664571708802021
6.53,1.25233625620604,0.0569243752820925
6.54,0.668090814724565,0.030367764305662
6.55,0.530579391866922,0.0241172450848601
6.56,0.432546082884073,0.0196611855856397
6.57,0.382795269290606,0.0173997849677548
6.58,0.381998634586732,0.0173635742993969
6.59,0.0816666632890701,0.0037121210585941
7,0.395520944148302,0.0179782247340137
7.01,0.143181815743446,0.00650826435197483
7.02,0,0
7.03,0.220039425045252,0.0100017920475114
7.04,1.69340045750141,0.076972748068246
7.05,1.87144819013774,0.0850658268244429
7.06,1.37178860747788,0.0623540276126307
7.07,2.1700930227836,0.098640591944709
7.08,2.23737683035433,0.101698946834288
7.09,0.695322260726243,0.0316055573057383
7.1,0.523204670287669,0.0237820304676213
7.11,1.17770657191674,0.0535321169053063
7.12,0.861538413912058,0.0391608369960026
7.13,0.270898874849081,0.0123135852204128
7.14,0.25651515647769,0.011659779839895
7.15,0.183146066963673,0.00832482122562148
7.16,0.0947463773190975,0.00430665351450443
7.17,0.353575080633163,0.0160715945742347
7.18,0.435470720753074,0.0197941236705943
7.19,1.79195225813116,0.081452375369598
7.2,2.432485563308,0.110567525604909
7.21,2.35414857938886,0.107006753608584
7.22,2.39184579961002,0.108720263618637
7.23,2.45225718120734,0.111466235509424
7.24,1.09737300314009,0.0498805910518224
7.25,1.35461733676493,0.0615735153074969
7.26,0.881087793658177,0.0400494451662808
7.27,0.753742188215256,0.0342610085552389
7.28,1.13142770528793,0.0514285320585424
7.29,0.316816471517086,0.0144007487053221
7.3,0.333106059581041,0.015141184526411
7.31,0.27714067697525,0.012597303498875
7.32,0.231818184256554,0.0105371901934797
7.33,0.453826755285263,0.0206284888766029
7.34,2.4238699093461,0.110175904970277
7.35,3.09691547652086,0.140768885296403
7.36,2.22023599160214,0.100919817800097
7.37,2.30794998556375,0.104906817525625
7.38,2.822869235153,0.1283122379615
7.39,0.915177506084243,0.0415989775492838
7.4,0.996010171249509,0.0452731896022504
7.41,2.76220073923469,0.125554579056122
7.42,1.44564936558406,0.0657113347992753
7.43,0.733843800922235,0.0333565364055561
7.44,0.497677449136972,0.0226217022334987
7.45,0.297727271914482,0.0135330578142946
7.46,0.30621825158596,0.0139190114357255
7.47,0.512773487716913,0.0233078858053142
7.48,0.506801967819532,0.023036453082706
7.49,2.47463334600131,0.11248333390915
7.5,2.50543152665099,0.113883251211408
7.51,3.39848202926417,0.154476455875644
7.52,3.50854251595835,0.159479205270834
7.53,3.27450686941544,0.148841221337066
7.54,3.5153280335168,0.159787637887127
7.55,1.57844903022051,0.0717476831918413
7.56,3.25103138759732,0.147774153981696
7.57,1.45527510344982,0.0661488683386283
7.58,0.326844573020935,0.0148565715009516
7.59,0.324147447943687,0.0147339749065312
8,0.213483139872551,0.00970377908511595
8.01,0.599872320890427,0.0272669236768376
8.02,0.466148000210524,0.0211885454641147
8.03,0.600959122180939,0.0273163237354972
8.04,2.92638881752888,0.13301767352404
8.05,2.36143930894988,0.107338150406813
8.06,2.62526568876845,0.119330258580384
8.07,3.73450737372041,0.169750335169109
8.08,2.48346577957273,0.112884808162397
8.09,3.42567834531267,0.155712652059667
8.1,2.89602680597454,0.131637582089752
8.11,3.9345347750045,0.178842489772932
8.12,0.734831459820271,0.0334014299918305
8.13,0.590454548597336,0.0268388431180607
8.14,0.678268998861313,0.0308304090391506
8.15,0.82341929897666,0.0374281499534845
8.16,0.149999998509884,0.00681818175044927
8.17,0.36939138546586,0.0167905175211755
8.18,0.465909093618393,0.0211776860735633
8.19,2.16998973302543,0.0986358969557014
8.2,3.03153746518351,0.137797157508341
8.21,4.27040932132375,0.194109514605625
8.22,4.80767172326644,0.218530532875747
8.23,3.09551496207714,0.140705225548961
8.24,3.58756008495887,0.163070912952676
8.25,2.10238168388605,0.0955628038130023
8.26,0.97522941728433,0.0443286098765604
8.27,1.25772729516029,0.0571694225072861
8.28,0,0
8.29,0.913695946335793,0.0415316339243542
8.3,0.38755930463473,0.0176163320288514
8.31,1.41572400927544,0.0643510913307017
8.32,0.833125799894333,0.0378693545406515
8.33,0.98032275835673,0.0445601253798514
8.34,3.70132473818958,0.168242033554072
8.35,2.54626132970055,0.115739151350025
8.36,3.71753622467319,0.168978919303327
8.37,4.58312035053968,0.208323652297258
8.38,4.41048464854248,0.200476574933749
8.39,2.81051068452911,0.127750485660414
8.4,3.16596452441687,0.143907478382585
8.41,2.39636402204633,0.108925637365742
8.42,1.8419226873666,0.0837237585166639
8.43,0.588636348644892,0.0267561976656769
8.44,0.774694487452507,0.0352133857932958
8.45,0.597727298736572,0.0271694226698442
8.46,1.04460054636002,0.0474818430163644
8.47,0.570593610405922,0.0259360732002692
8.48,0.854995846748352,0.0388634475794706
8.49,1.98738494231587,0.0903356791961761
8.5,3.66227315613331,0.166466961642423
8.51,4.02293015817801,0.182860461735364
8.52,3.9543243467453,0.17974201576115
8.53,4.01922549779216,0.182692068081462
8.54,3.70285668224096,0.168311667374589
8.55,2.42608688175678,0.11027667644349
8.56,2.55711209774017,0.116232368079099
8.57,1.6656832161049,0.0757128734593139
8.58,2.22139278054237,0.100972399115562
8.59,0.6795454621315,0.0308884300968864
9,0.922293156385422,0.0419224161993373
9.01,0,0
9.02,1.19821268320084,0.0544642128727653
9.03,0.403885774314404,0.0183584442870183
9.04,3.91240610058109,0.177836640935504
9.05,3.19358148223749,0.145162794647159
9.06,5.05543224761883,0.229792374891765
9.07,5.60319216549397,0.254690552976998
9.08,3.90908784543475,0.177685811156125
9.09,3.21148628368974,0.145976649258624
9.1,3.06013824169834,0.13909719280447
9.11,2.47972477475802,0.112714762489001
9.12,2.37551682093181,0.107978037315082
9.13,0.752272725105286,0.034194214777513
9.14,0.999489270150661,0.0454313304613937
9.15,0,0
9.16,0.436029959470034,0.0198195436122743
9.17,0.774999976158142,0.0352272716435519
9.18,0.516091130673885,0.0234586877579039
9.19,4.06581749518712,0.184809886144869
9.2,5.83435001547581,0.265197727976173
9.21,4.83872222521653,0.219941919328024
9.22,4.22586369141936,0.192084713246335
9.23,3.69056225661188,0.167752829845995
9.24,3.84928328044979,0.174967421838627
9.25,3.87668302406867,0.176212864730394
9.26,2.49491345137358,0.113405156880617
9.27,2.54846121370792,0.115839146077633
9.28,1.02727271616459,0.0466942143711177
9.29,0.450852062553167,0.0204932755705985
9.3,0.203333333134651,0.00924242423339324
9.31,0,0
9.32,1.11530444025993,0.0506956563754515
9.33,0.286238521337509,0.0130108418789777
9.34,2.34199592191726,0.106454360087148
9.35,2.70931672528386,0.123150760240176
9.36,2.51766352552388,0.114439251160177
9.37,4.54956288151443,0.20679831279611
9.38,4.27577050402761,0.194353204728527
9.39,4.72598975586394,0.214817716175634
9.4,3.20104729384184,0.145502149720084
9.41,2.97250068684419,0.135113667583827
9.42,1.1134090796113,0.0506095036186955
9.43,0.899999991059303,0.0409090905026956
9.44,0.220833331346512,0.0100378786975687
9.45,0.909090906381607,0.0413223139264367
9.46,0.321427159011364,0.0146103254096075
9.47,0.915909111499786,0.0416322323408994
9.48,2.02449605365594,0.0920225478934519
9.49,3.05614476464689,0.138915671120313
9.5,2.90090068462822,0.131859122028556
9.51,4.83035090615352,0.21956140482516
9.52,3.01916456284622,0.137234752856647
9.53,3.85174222973486,0.175079192260675
9.54,3.87586238048971,0.176175562749532
9.55,2.93875011242926,0.133579550564966
9.56,2.81106750015169,0.127775795461441
9.57,1.07753104157746,0.0489786837080663
9.58,0.265168540179729,0.012053115462715
9.59,0.633398564532399,0.0287908438423818
10,0.858470298349857,0.0390213771977208
10.01,1.05025452375412,0.0477388419888236
10.02,0.267415724694729,0.0121552602133968
10.03,1.30380670726299,0.059263941239227
10.04,1.50652019120753,0.0684781905094331
10.05,3.23036809586698,0.146834913448499
10.06,6.88905932443837,0.313139060201744
10.07,7.50311286312838,0.341050584687654
10.08,7.70616906347374,0.350280411976079
10.09,3.53299387544394,0.160590630701997
10.1,5.16690930028756,0.234859513649435
10.11,3.46914734691381,0.15768851576881
10.12,0,0
10.13,1.17166665941477,0.053257575427944
10.14,0.595890402793884,0.027085927399722
10.15,1.1603535314401,0.0527433423381863
10.16,0.474513106048107,0.0215687775476412
10.17,1.14848485589027,0.0522038570859215
10.18,0,0
10.19,4.93129241975645,0.224149655443475
10.2,4.69881931106959,0.213582695957709
10.21,5.9057038500905,0.268441084095023
10.22,5.48673957479852,0.249397253399933
10.23,3.99793323650956,0.181724238023162
10.24,4.26646827658018,0.19393037620819
10.25,1.45877621819576,0.0663080099179889
10.26,2.05761661132177,0.0935280277873531
10.27,0.25617977231741,0.0116445351053368
10.28,0,0
10.29,1.33159687742591,0.0605271307920868
10.3,1.36043275147676,0.0618378523398529
10.31,1.07090909779072,0.0486776862632145
10.32,1.36594021320343,0.0620881915092468
10.33,3.02250531315804,0.137386605143547
10.34,3.59401767700911,0.16336443986405
10.35,5.35735920112994,0.243516327324088
10.36,5.56398540660739,0.252908427573063
10.37,5.43022594489157,0.246828452040526
10.38,5.61105086443325,0.255047766565148
10.39,5.38430541058381,0.244741155026537
10.4,3.26785008572042,0.148538640260019
10.41,3.05343720130622,0.138792600059374
10.42,1.08659300208092,0.0493905910036781
10.43,0.8045454621315,0.0365702482787046
10.44,0.640205480158329,0.0291002490981059
10.45,1.03483147919178,0.0470377945087173
10.46,1.14848257601261,0.0522037534551187
10.47,1.21623257547617,0.0552832988852804
10.48,1.03368234634399,0.0469855611974543
10.49,3.81380558120353,0.173354799145615
10.5,3.51256657512415,0.159662117051098
10.51,4.84740891343071,0.220336768792305
10.52,4.05255145393312,0.184206884269687
10.53,4.43445758074522,0.201566253670237
10.54,3.77362477779388,0.171528398990631
10.55,3.27170348167419,0.148713794621554
10.56,2.45613211641709,0.11164236892805
10.57,2.34035704284906,0.106379865584048
10.58,0.960980594158173,0.0436809360980988
10.59,0.720454543828964,0.0327479338104075
11,0.722727298736572,0.0328512408516624
11.01,1.21652215719223,0.0552964616905559
11.02,0.897424221038818,0.040792010047219
11.03,2.38899007067084,0.108590457757766
11.04,3.98210142975052,0.181004610443206
11.05,3.09159334748983,0.140526970340447
11.06,3.43537814170122,0.15615355189551
11.07,3.4695130479522,0.157705138543282
11.08,4.17505057227044,0.189775026012293
11.09,3.46608749777079,0.157549431716854
11.1,2.75044669210911,0.125020304186778
11.11,2.92258775047958,0.132844897749072
11.12,1.76275283843279,0.0801251290196722
11.13,0.661363661289215,0.0300619846040552
11.14,0.858733400702477,0.0390333363955671
11.15,0,0
11.16,1.26597793400288,0.0575444515455853
11.17,0.257492353518804,0.0117041978872184
11.18,0.483548104763031,0.0219794593074105
11.19,3.56706221997738,0.162139191817154
11.2,4.32480313824933,0.196581960829515
11.21,5.28020158459743,0.240009162936247
11.22,4.18676814145985,0.19030764279363
11.23,3.37590803012538,0.153450365005699
11.24,2.68401495025804,0.122000679557183
11.25,2.17695603892207,0.0989525472237305
11.26,1.95416897038619,0.0888258622902812
11.27,1.43500001728535,0.0652272735129703
11.28,0.976310012241205,0.0443777278291457
11.29,0.174166664481163,0.00791666656732559
11.3,0.759469702839851,0.0345213501290842
11.31,0.25321102142334,0.0115095918828791
11.32,0.834549635648727,0.0379340743476694
11.33,1.5161782062302,0.068917191192282
11.34,3.21700495978196,0.146227498171907
11.35,3.27037886636598,0.148653584834817
11.36,2.89630998000503,0.131650453636592
11.37,4.89897564457109,0.222680711116868
11.38,3.26001018285751,0.148182281038978
11.39,3.13507009297609,0.142503186044368
11.4,1.79972594231367,0.0818057246506214
11.41,2.42074529454112,0.110033877024596
11.42,1.62159092227618,0.0737086782852809
11.43,0.504545450210571,0.0229338841004805
11.44,0.726966291666031,0.0330439223484559
11.45,0.673484832048416,0.0306129469112916
11.46,0.160833328962326,0.00731060586192391
11.47,0.972084883600473,0.0441856765272942
11.48,1.3058293890208,0.0593558813191273
11.49,3.26266867170731,0.148303121441241
11.5,2.95763054067299,0.134437751848772
11.51,3.03466832749546,0.137939469431612
11.52,1.88265584632754,0.0855752657421611
11.53,3.26939703831449,0.148608956287022
11.54,2.40848681516945,0.109476673416793
11.55,2.56206634206076,0.116457561002762
11.56,0.957213600942244,0.0435097091337384
11.57,0.635216454897697,0.0288734752226226
11.58,0.222841084236279,0.0101291401925581
11.59,0,0
12,0.587225645780563,0.0266920748082074
12.01,0.393632963299751,0.017892407422716
12.02,0.929192036390305,0.0422360016541048
12.03,0.839283853769302,0.0381492660804228
12.04,0.760336689651012,0.0345607586205006
12.05,3.36453267621497,0.152933303464317
12.06,3.22901286929846,0.146773312240839
12.07,4.79096449650824,0.217771113477647
12.08,2.5820289986829,0.117364954485586
12.09,2.81376439146698,0.127898381430317
12.1,4.25591814418634,0.193450824735743
12.11,2.64636273171301,0.120289215077864
12.12,3.86350733538469,0.175613969790213
12.13,2.8624346939226,0.130110667905573
12.14,1.94479013234377,0.0883995514701713
12.15,4.87255342963285,0.221479701346948
12.16,2.78593889687909,0.126633586221777
12.17,2.15976861678064,0.0981713007627563
12.18,3.38319908082485,0.15378177640113
12.19,3.07022179787358,0.139555536266981
12.2,2.67326566278934,0.121512075581334
12.21,4.08744595820705,0.18579299810032
12.22,4.37912575776378,0.199051170807445
12.23,4.30762653425336,0.195801206102425
12.24,2.54796841740608,0.115816746245731
12.25,3.84780573472381,0.174900260669264
12.26,1.88723020255566,0.0857831910252571
12.27,1.45257574319839,0.0660261701453816
12.28,1.1036913394928,0.0501677881587635
12.29,1.51018408189217,0.0686447309950988
12.3,0.580303033192953,0.0263774105996797
12.31,0.940286412835121,0.0427402914925055
12.32,0.782348483800888,0.0355612947182222
12.33,0.630856156349182,0.0286752798340537
12.34,2.45241814603408,0.111473552092458
12.35,4.50907038003206,0.204957744546912
12.36,3.21044215570603,0.145929188895729
12.37,4.45396886782809,0.202453130355822
12.38,4.02929377153383,0.183149716887901
12.39,4.77206192974533,0.216911905897515
12.4,3.49292121082544,0.158769145946611
12.41,3.88778017626868,0.176717280739486
12.42,3.95895133912563,0.17995233359662
12.43,2.46538408845663,0.112062913111665
12.44,2.24931843578815,0.10224174708128
12.45,1.82836066683133,0.0831073030377879
12.46,2.13991151377559,0.0972687051716176
12.47,3.08189296424389,0.140086043829268
12.48,3.42428690195084,0.155649404634129
12.49,3.28090573847294,0.149132079021497
12.5,3.95850567196806,0.179932075998548
12.51,4.29656089097261,0.195298222316937
12.52,3.28028870622317,0.149104032101053
12.53,2.80561451911926,0.127527932687239
12.54,4.32438059026996,0.19656275410318
12.55,2.17428968846798,0.0988313494758172
12.56,3.13035056740046,0.142288662154566
12.57,2.07549013197422,0.0943404605442827
12.58,0.827557101845741,0.0376162319020791
12.59,1.26865513622761,0.0576661425558004
13,0.765491753816605,0.0347950797189366
13.01,1.67077524960041,0.0759443295272914
13.02,1.84364647666613,0.0838021125757333
13.03,1.63045282342604,0.074111491973911
13.04,4.60262274121245,0.209210124600566
13.05,4.02156251855195,0.182798296297816
13.06,5.24634591232217,0.238470268741917
13.07,5.33204942342071,0.24236588288276
13.08,4.84849752920369,0.220386251327441
13.09,4.02007423038594,0.182730646835725
13.1,5.30419802268346,0.241099910121975
13.11,3.51769915036857,0.159895415925844
13.12,4.84485994527737,0.220220906603517
13.13,0.834209571282069,0.0379186168764577
13.14,2.00022175163031,0.0909191705286503
13.15,1.21526405960321,0.0552392754365097
13.16,2.73811802454293,0.124459910206497
13.17,0.310091733932495,0.0140950788151134
13.18,2.36627234518528,0.107557833872058
13.19,4.53650201639781,0.206204637108992
13.2,3.38635892694195,0.153925405770089
13.21,3.88977163781722,0.176807801718965
13.22,3.98851404711604,0.181296093050729
13.23,2.23779044374824,0.101717747443102
13.24,2.38102582655847,0.108228446661749
13.25,2.38866733014584,0.108575787733902
13.26,1.48469100892544,0.0674859549511563
13.27,1.35526125878096,0.0616027844900435
13.28,0.848580196499825,0.0385718271136284
13.29,0.849650467435519,0.0386204757925236
13.3,1.95787060540169,0.0889941184273498
13.31,3.20519518628716,0.14569069028578
13.32,2.60553961247206,0.11843361874873
13.33,2.11397271975875,0.0960896690799431
13.34,4.95704983216193,0.225320446916451
13.35,5.72378610943754,0.260172095883525
13.36,4.74165318794549,0.215529690361158
13.37,6.20964874823888,0.282256761283586
13.38,6.26914716164271,0.284961234620123
13.39,5.88764334470034,0.267620152031833
13.4,3.60171745518843,0.163714429781292
13.41,1.9154407531023,0.0870654887773774
13.42,1.89708573594689,0.0862311698157679
13.43,2.4759197384119,0.11254180629145
13.44,2.62444151937962,0.119292796335437
13.45,0.567082591354847,0.0257764814252203
13.46,1.42245489358902,0.0646570406176827
13.47,0.527715370059013,0.0239870622754097
13.48,4.39482858280341,0.199764935581973
13.49,4.38968522101641,0.199531146409837
13.5,5.83360856982569,0.265164025901168
13.51,5.55059025337299,0.252299556971499
13.52,5.40870443359017,0.245850201526826
13.53,4.55555746518075,0.207070793871852
13.54,2.80644724145532,0.127565783702514
13.55,3.23473889629046,0.147033586195021
13.56,4.49923036247492,0.204510471021587
13.57,3.19464406743646,0.145211093974384
13.58,2.50678441859782,0.113944746299901
13.59,4.04169900386284,0.183713591084674
14,3.87129826098681,0.175968102772127
14.01,4.54648527503014,0.206658421592279
14.02,4.45192581787705,0.202360264448957
14.03,5.39865971977512,0.245393623626142
14.04,7.47837360203266,0.339926072819666
14.05,6.67368809779485,0.303349458990675
14.06,6.17634546135863,0.280742975516301
14.07,4.995569299327,0.227071331787591
14.08,6.40765904101233,0.291257229136924
14.09,5.2971311857303,0.240778690260468
14.1,6.36735001082222,0.289425000491919
14.11,6.16800556696124,0.280363889407329
14.12,4.96753791719675,0.225797178054398
14.13,4.47944250702858,0.203611023046754
14.14,2.44215058907866,0.111006844958121
14.15,4.96985686322053,0.225902584691842
14.16,3.20875891312026,0.145852677869103
14.17,3.26403654956569,0.148365297707531
14.18,4.55265544354916,0.206938883797689
14.19,4.81091654545495,0.218678024793407
14.2,5.34189953844226,0.242813615383739
14.21,6.68288348863522,0.303767431301601
14.22,6.14968459308147,0.27953111786734
14.23,5.0476999245584,0.229440905661745
14.24,6.01264692408343,0.273302132912883
14.25,5.80965274448196,0.26407512474918
14.26,4.42753099823991,0.201251409010905
14.27,2.32179233431816,0.10553601519628
14.28,3.00293033632139,0.136496833469154
14.29,4.08073949813843,0.185488159006292
14.3,1.85124615828196,0.0841475526491801
14.31,2.16479071974754,0.0983995781703429
14.32,1.55774581494431,0.070806627952014
14.33,4.9812705218792,0.226421387358145
14.34,5.27132371813059,0.23960562355139
14.35,4.91611037817266,0.223459562644212
14.36,5.11412265027563,0.232460120467074
14.37,5.50127670970701,0.25005803225941
14.38,5.08790833405736,0.231268560638971
14.39,5.15434831753373,0.234288559887897
14.4,4.45148958216111,0.202340435552778
14.41,5.10079723241783,0.231854419655356
14.42,2.82348469644785,0.128340213474902
14.43,3.19089937582612,0.145040880719369
14.44,2.50286098023256,0.113766408192389
14.45,2.69251230359077,0.12238692289049
14.46,2.19870829209685,0.0999412860044024
14.47,3.80329255014658,0.172876934097572
14.48,3.65995697056254,0.166361680480115
14.49,3.56661550601323,0.162118886636965
14.5,5.04280464450518,0.229218392932054
14.51,4.62427808530629,0.210194458423013
14.52,3.58439637571573,0.162927107987079
14.53,4.14667617939413,0.188485280881551
14.54,4.36453448768173,0.19838793125826
14.55,3.74685340623061,0.170311518465028
14.56,3.10211581985156,0.141005264538707
14.57,2.46493150873317,0.112042341306053
14.58,2.20593552291393,0.100269796496088
14.59,1.04305531829596,0.0474116053770889
15,1.94934625923634,0.0886066481471062
15.01,0.891633540391922,0.0405287972905419
15.02,2.77713271081448,0.126233305037022
15.03,3.51692585398753,0.159860266090342
15.04,3.82240020764903,0.173745463984047
15.05,4.16208446306576,0.18918565741208
15.06,4.40343029425731,0.200155922466241
15.07,2.82499393553784,0.12840881525172
15.08,3.94610343184618,0.17936833781119
15.09,3.70798358604467,0.168544708456576
15.1,4.02541313196222,0.182973324180101
15.11,2.17410173639655,0.0988228061998432
15.12,2.68361881189048,0.121982673267749
15.13,0.892538134008646,0.0405699151822112
15.14,2.73980027809739,0.124536376277154
15.15,1.32606753210227,0.0602757969137394
15.16,3.43858896157083,0.15629949825322
15.17,2.1502629801631,0.0977392263710499
15.18,3.78424758791096,0.172011253995953
15.19,2.82566475724455,0.128439307147479
15.2,3.26520294859296,0.148418315845134
15.21,3.50399653863694,0.159272569938043
15.22,2.33374640407662,0.106079382003483
15.23,1.57995641833792,0.0718162008335419
15.24,2.45060755933325,0.111391252696966
15.25,1.40012523407737,0.0636420560944261
15.26,2.20607538459202,0.100276153845092
15.27,0.937803041189909,0.0426274109631777
15.28,2.39331876610716,0.108787216641235
15.29,1.75315737873316,0.0796889717605981
15.3,1.85054767938952,0.0841158036086144
15.31,2.68881619597475,0.122218917998852
15.32,2.14607551507652,0.0975488870489326
15.33,2.73208134062588,0.124185515482995
15.34,3.53144851115843,0.160520386870838
15.35,1.48522501625121,0.0675102280114185
15.36,2.70411384159788,0.122914265527176
15.37,2.03081317121784,0.0923096896008109
15.38,2.54048197033505,0.115476453197048
15.39,2.79060218607386,0.126845553912448
15.4,2.45071093117197,0.111395951416908
15.41,1.5942915931344,0.0724677996879274
15.42,2.02150388807058,0.0918865403668447
15.43,1.30275258421898,0.0592160265554081
15.44,2.62504596387347,0.119320271085158
15.45,2.81113111476103,0.127778687034592
15.46,1.81209277138114,0.0823678532445973
15.47,2.03801952923338,0.0926372513287898
15.48,2.10531188175082,0.0956959946250374
15.49,2.59641340536376,0.118018791152898
15.5,1.67458614446223,0.0761175520210104
15.51,1.89237783073137,0.0860171741241533
15.52,1.74676322514812,0.0793983284158237
15.53,1.00178995914757,0.0455359072339806
15.54,1.7971406771491,0.0816882125976862
15.55,0.989090762180941,0.0449586710082246
15.56,1.00002653493235,0.0454557515878343
15.57,1.16332888491452,0.0528785856779326
15.58,0.892005885951221,0.0405457220886919
15.59,1.73654274148867,0.0789337609767575
16,1.97996908426285,0.0899985947392204
16.01,1.39954697464903,0.063615771574956
16.02,1.19424786480765,0.054283993854893
16.03,1.33366507664323,0.0606211398474195
16.04,1.50936289224774,0.0686074041930789
16.05,1.09184046182781,0.0496291119012643
16.06,0.847033690661192,0.0385015313936905
16.07,1.37252005469054,0.0623872752132064
16.08,1.91828216953824,0.08719464406992
16.09,1.61425671776136,0.073375305352789
16.1,1.95015088897198,0.0886432222259993
16.11,2.46224502287805,0.111920228312639
16.12,1.01803907752037,0.0462745035236532
16.13,2.01287520552675,0.0914943275239431
16.14,1.49699191525578,0.0680450870570811
16.15,2.11144460986058,0.0959747549936627
16.16,3.0407862085849,0.138217554935677
16.17,3.83533838831566,0.174333563105257
16.18,1.586454501686,0.0721115682584544
16.19,2.2784928008914,0.103567854585973
16.2,2.82467415152738,0.128394279614881
16.21,1.57262443477909,0.0714829288535949
16.22,1.62831412876646,0.0740142785802935
16.23,1.68657161258161,0.0766623460264368
16.24,2.24081941609759,0.101855428004436
16.25,3.03419348783791,0.137917885810814
16.26,2.79079665119449,0.126854393236113
16.27,1.05338047196468,0.047880930543849
16.28,1.00664091147482,0.0457564050670375
16.29,1.51033636555076,0.0686516529795798
16.3,0.850196585059166,0.0386452993208712
16.31,0.9059242233634,0.0411783737892454
16.32,0.542013444006443,0.0246369747275656
16.33,1.90315746888518,0.0865071576765992
16.34,2.0377401791513,0.0926245535977862
16.35,2.14042245658735,0.0972919298448798
16.36,2.74182955101132,0.12462861595506
16.37,2.66998024812589,0.121362738551177
16.38,2.10396446606943,0.0956347484577012
16.39,2.33424653429538,0.106102115195245
16.4,2.7295962457619,0.124072556625541
16.41,4.46804968963067,0.203093167710485
16.42,3.21293389201164,0.146042449636893
16.43,2.63162736284236,0.119619425583744
16.44,2.62105144346909,0.119138701975868
16.45,3.02642980118593,0.137564990962997
16.46,1.942590290308,0.0882995586503636
16.47,1.87599008157849,0.0852722764353861
16.48,3.10009024739265,0.140913193063302
16.49,2.60922437657913,0.118601108026324
16.5,2.72118392214179,0.123690178279172
16.51,3.31936241611838,0.150880109823563
16.52,3.75694305353488,0.17077013879704
16.53,3.08230688671271,0.140104858486941
16.54,2.18175955489278,0.0991708888587627
16.55,3.16169824637473,0.143713556653397
16.56,2.20057259313762,0.100026026960801
16.57,1.76216341368854,0.0800983369858427
16.58,1.02795728792747,0.0467253312694304
16.59,0.405796729028225,0.0184453058649193
17,1.24573055654764,0.056624116206711
17.01,2.83906109879414,0.12904823176337
17.02,1.93179358169436,0.0878087991679257
17.03,3.69010089603918,0.167731858910872
17.04,4.60007963022217,0.209094528646462
17.05,3.47101052564879,0.157773205711309
17.06,4.20728747236232,0.191240339652833
17.07,4.59196434540172,0.208725652063714
17.08,3.75717833389839,0.170780833359018
17.09,3.02823251423736,0.137646932465335
17.1,3.99022312561671,0.181373778437123
17.11,4.40448601543903,0.200203909792683
17.12,3.23401670406262,0.147000759275574
17.13,2.44353432506323,0.111069742048329
17.14,2.00747439265251,0.0912488360296596
17.15,3.6278769550845,0.164903497958386
17.16,1.91344054539998,0.0869745702454538
17.17,2.03535396233201,0.0925160891969096
17.18,1.88508813890318,0.0856858244955991
17.19,2.66598009616136,0.12118091346188
17.2,4.06121384849151,0.184600629476887
17.21,2.78760956861079,0.126709525845945
17.22,3.59693643567152,0.163497110712342
17.23,2.40888548645945,0.109494794839066
17.24,3.24116593350967,0.147325724250439
17.25,3.26574372996887,0.148442896816767
17.26,2.32498099841177,0.105680954473262
17.27,1.62719428166747,0.0739633764394305
17.28,4.76630559004843,0.216650254093111
17.29,3.38901279307902,0.154046036049046
17.3,2.34407934298118,0.106549061044599
17.31,3.13731113585333,0.142605051629697
17.32,4.62659004578988,0.210299547535903
17.33,3.67527476735413,0.167057943970642
17.34,5.1213232977598,0.232787422625445
17.35,4.59558385846515,0.20889017538478
17.36,3.80007552029122,0.172730705467783
17.37,2.77513346134995,0.126142430061362
17.38,4.38520222902298,0.199327374046499
17.39,1.90185905139272,0.0864481386996693
17.4,5.24037637157987,0.238198925980903
17.41,3.07444127053022,0.139747330478647
17.42,2.7987328072389,0.127215127601768
17.43,1.57396988011897,0.071544085459953
17.44,2.19696041569114,0.0998618370768699
17.45,4.41290471330285,0.200586577877402
17.46,2.04596615225698,0.0929984614662262
17.47,3.34734968468547,0.152152258394794
17.48,0.310751467943192,0.0141250667246905
17.49,3.52782629864911,0.160355740847687
17.5,4.32596680844824,0.196634854929465
17.51,3.05198410898447,0.138726550408385
17.52,3.9416425563395,0.179165570742705
17.53,4.36203973280887,0.198274533309494
17.54,2.82427175659686,0.128375988936221
17.55,4.81050733221429,0.218659424191559
17.56,2.5398675998052,0.115448527263873
17.57,2.90127008284132,0.131875912856424
17.58,3.90459890826605,0.177481768557548
17.59,3.3828459131221,0.153765723323732
18,5.3463061551253,0.243013916142059
18.01,6.1300382869939,0.278638103954268
18.02,2.50663825357333,0.113938102435151
18.03,3.23207996785641,0.146912725811655
18.04,5.27734212701519,0.2398791875916
18.05,4.4102566289405,0.200466210406386
18.06,5.2796880658716,0.239985821175982
18.07,4.25943912193179,0.193610869178718
18.08,4.29616775115331,0.19528035232515
18.09,1.09928593337536,0.0499675424261527
18.1,2.91340982566277,0.132427719348308
18.11,2.73935125663522,0.124515966210692
18.12,2.31667821109295,0.105303555049679
18.13,3.2712134818236,0.148691521901073
18.14,1.53078477510384,0.0695811261410837
18.15,3.00641366094351,0.136655166406523
18.16,2.728665150702,0.124030234122818
18.17,4.72664767666297,0.214847621666498
18.18,2.44435501098633,0.111107045953924
18.19,4.62853579728731,0.210387990785787
18.2,4.18226362578571,0.190102892081169
18.21,3.55970915690774,0.161804961677625
18.22,4.3837434374683,0.199261065339468
18.23,3.1809693514059,0.144589515972995
18.24,3.0970983505249,0.140777197751132
18.25,4.13140739705414,0.187791245320643
18.26,4.22183933531245,0.191901787968748
18.27,2.32441653947656,0.105655297248935
18.28,4.2228569239378,0.191948041997173
18.29,2.46228932216764,0.111922241916711
18.3,2.14523921683431,0.0975108734924685
18.31,2.74671070277691,0.12485048648986
18.32,0.78569458425045,0.0357133901932023
18.33,2.16158473243316,0.0982538514742346
18.34,3.77097347502907,0.171407885228594
18.35,2.270609660695,0.103209530031591
18.36,3.46261853054166,0.157391751388257
18.37,3.66737104718174,0.166698683962806
18.38,3.04234434167544,0.138288379167065
18.39,2.58630498088896,0.117559317313135
18.4,3.52874332169692,0.160397423713496
18.41,4.30159424584773,0.195527011174897
18.42,2.51704175770283,0.114410988986492
18.43,2.71306577386955,0.123321171539525
18.44,2.82147010136396,0.128248640971089
18.45,1.96117271855474,0.0891442144797607
18.46,1.23845057934523,0.0562932081520557
18.47,1.51624565074841,0.0689202568522005
18.48,3.54810833583276,0.161277651628762
18.49,3.08073562321564,0.140033437418893
18.5,2.42142597594786,0.110064817088539
18.51,2.57982285910596,0.117264675413907
18.52,2.64498822763562,0.120226737619801
18.53,2.87712997148434,0.13077863506747
18.54,2.66907007717306,0.12132136714423
18.55,2.62119482023021,0.119145219101373
18.56,2.16895575523376,0.0985888979651711
18.57,2.07470711320639,0.0943048687821085
18.58,1.33285152167082,0.0605841600759463
18.59,1.66787877678871,0.0758126716722142
19,1.86714185401797,0.0848700842735442
19.01,0.652612456430991,0.0296642025650451
19.02,1.09792457024256,0.0499056622837529
19.03,0.621299166853229,0.0282408712206013
19.04,2.4977680268387,0.11353491031085
19.05,2.27867343723774,0.103576065328988
19.06,2.91338133576016,0.132426424352734
19.07,2.73758622519672,0.124435737508942
19.08,2.41079806163907,0.109581730074503
19.09,2.04874252900481,0.0931246604093097
19.1,2.07607717464368,0.0943671443019852
19.11,2.3540686617295,0.107003120987704
19.12,1.63497951626778,0.0743172507394444
19.13,1.01424605920911,0.046102093600414
19.14,1.35799955204129,0.0617272523655133
19.15,1.797929893403,0.0817240860637729
19.16,0.81464726626873,0.0370294211940332
19.17,0.696401936933398,0.0316546334969726
19.18,0.742938740799824,0.0337699427636284
19.19,1.74741872102022,0.0794281236827373
19.2,1.51695565286255,0.0689525296755705
19.21,2.11489479442437,0.0961315815647443
19.22,1.50762006683009,0.0685281848559132
19.23,1.60984846506682,0.0731749302303099
19.24,1.56858383379877,0.0712992651726712
19.25,0.940135346353054,0.0427334248342297
19.26,1.45001508295536,0.0659097764979709
19.27,0.592221651226282,0.026919165964831
19.28,0.933370918035507,0.0424259508197958
19.29,0.787705559283495,0.0358047981492498
19.3,0.479693058133125,0.0218042299151421
19.31,1.02417759504169,0.0465535270473496
19.32,1.26468491206566,0.0574856778211666
19.33,1.21117151218156,0.0550532505537073
19.34,1.68072205056392,0.0763964568438146
19.35,1.2489070517144,0.0567685023506547
19.36,1.48851524951557,0.0676597840688897
19.37,1.22328355535865,0.0556037979708476
19.38,1.38470236149927,0.062941016431785
19.39,1.17144239135087,0.0532473814250393
19.4,1.03491605507831,0.0470416388671958
19.41,0.877614646617855,0.0398915748462662
19.42,0.605920575559139,0.0275418443435972
19.43,0.424206757918,0.0192821253599091
19.44,0.575668829182784,0.0261667649628538
19.45,0.188240436837077,0.00855638349259442
19.46,0.79465166615167,0.0361205302796214
19.47,0.572709161788225,0.0260322346267375
19.48,0.719398385534684,0.0326999266152129
19.49,1.45989726558328,0.0663589666174217
19.5,1.18450024661918,0.053840920300872
19.51,1.00471110455692,0.045668686570769
19.52,0.966561790183187,0.0439346268265085
19.53,0.837042959717413,0.0380474072598824
19.54,0.501902028763046,0.0228137285801385
19.55,0.498102772980928,0.0226410351354967
19.56,0.538849630082647,0.0244931650037567
19.57,0.53920790925622,0.0245094504207373
19.58,0.904375422590723,0.0411079737541238
19.59,0.749570757771532,0.0340713980805242
20,0.996959197955827,0.0453163271798103
20.01,0.990115963667631,0.0450052710758014
20.02,0.458954509487376,0.0208615686130625
20.03,0.580015262464682,0.026364330112031
20.04,0.927209632347027,0.0421458923794103
20.05,1.0625463164101,0.0482975598368229
20.06,0.643012013162176,0.0292278187800989
20.07,1.03306330740452,0.0469574230638417
20.08,0.856765605974942,0.0389438911806792
20.09,0.393137775361538,0.0178698988800699
20.1,0.371983787665765,0.0169083539848075
20.11,0.319035835564137,0.0145016288892789
20.12,0.609831241890788,0.0277196019041267
20.13,0.63209205493331,0.0287314570424232
20.14,0.392244361216823,0.0178292891462192
20.15,0.988516113410393,0.0449325506095633
20.16,1.03922154381871,0.0472373429008506
20.17,0.493489274010062,0.022431330636821
20.18,1.11612717434764,0.0507330533794381
20.19,0.724221086129546,0.0329191402786157
20.2,0.998159489283959,0.0453708858765436
20.21,1.04697480976271,0.0475897640801232
20.22,1.24706241985162,0.056684655447801
20.23,0.779789704829454,0.035444986583157
20.24,0.879714020217458,0.0399870009189754
20.25,1.16886459182327,0.0531302087192395
20.26,0.726300939917564,0.033013679087162
20.27,0.802955859340727,0.0364979936063967
20.28,0.469784654676914,0.0213538479398597
20.29,0.162537451833487,0.00738806599243121
20.3,0.157209735363722,0.00714589706198736
20.31,0.315568141639233,0.0143440064381469
20.32,0.258493365719914,0.0117496984418143
20.33,0.272865682840347,0.0124029855836521
20.34,0.833256288617849,0.0378752858462659
20.35,1.20546784996986,0.0547939931804484
20.36,1.02281104214489,0.0464914110065861
20.37,1.08719560255607,0.0494179819343668
20.38,1.35438346241911,0.0615628846554142
20.39,0.969711535920699,0.0440777970873045
20.4,1.35672550213834,0.061669341006288
20.41,1.36594510202607,0.0620884137284575
20.42,1.54071455138425,0.070032479608375
20.43,1.05226118117571,0.0478300536898049
20.44,0.746666659911474,0.0339393936323397
20.45,1.11407983228564,0.0506399923766201
20.46,0.865497559309006,0.0393407981504094
20.47,0.446010258048773,0.0202731935476715
20.48,1.30864505469799,0.0594838661226359
20.49,0.969956916889974,0.0440889507677261
20.5,1.68082229420543,0.076401013372974
20.51,1.55588516717156,0.0707220530532526
20.52,1.56447194268306,0.0711123610310482
20.53,1.71618118323386,0.078008235601539
20.54,1.28983316322168,0.0586287801464399
20.55,1.1512779626064,0.0523308164821091
20.56,1.22631298936903,0.0557414995167743
20.57,0.156040787696838,0.00709276307712902
20.58,0.426135674118996,0.0193698033690453
20.59,0.606969691812992,0.0275895314460451
21,0.106422021985054,0.00483736463568427
21.01,0.107865165919065,0.00490296208723025
21.02,0.619070273637772,0.028139557892626
21.03,0.495518110692501,0.0225235504860228
21.04,1.3274597004056,0.0603390772911635
21.05,2.00578157380223,0.0911718897182833
21.06,2.29366622158947,0.104257555526794
21.07,2.47802425064147,0.112637465938248
21.08,1.6512119024992,0.0750550864772363
21.09,1.78564811622103,0.0811658234645923
21.1,1.19966877475381,0.0545303988524459
21.11,1.47780947573483,0.0671731579879468
21.12,1.51153236751755,0.0687060167053432
21.13,0.812438771128654,0.0369290350513025
21.14,1.97574048489332,0.0898063856769692
21.15,0.878231342881918,0.0399196064946326
21.16,0.28878511985143,0.0131265963568832
21.17,0.348712116479874,0.0158505507490852
21.18,0.738765746355057,0.0335802611979571
21.19,2.22975321486592,0.101352418857542
21.2,2.48907226882875,0.113139648583125
21.21,1.78172477148473,0.0809874896129424
21.22,0.783583312494946,0.0356174232952248
21.23,1.29153125174344,0.058705965988338
21.24,0.962763434275985,0.043761974285272
21.25,1.85549741238356,0.0843407914719798
21.26,1.81438196077943,0.0824719073081558
21.27,0.580365169793367,0.0263802349906076
21.28,1.41612915694714,0.0643695071339607
21.29,1.57758691161871,0.0717084959826686
21.3,0.214531832685073,0.0097514469402306
21.31,0.850337207317352,0.0386516912416978
21.32,0.747613649815321,0.0339824386279691
21.33,1.86316824611276,0.0846894657323984
21.34,2.51733733820064,0.114424424463665
21.35,2.32256151689216,0.105570978040553
21.36,1.02076841518283,0.0463985643264922
21.37,1.94889211468399,0.0885860052129084
21.38,2.15499893017113,0.0979544968259606
21.39,1.58645285665989,0.0721114934845404
21.4,1.10900471359491,0.0504093051634052
21.41,1.52791796158999,0.0694508164359087
21.42,0.608464181423187,0.0276574627919631
21.43,0.876661341637373,0.0398482428016988
21.44,1.1112218350172,0.0505100834098729
21.45,0.793609850108624,0.0360731750049374
21.46,1.24499615530173,0.0565907343318968
21.47,1.06327250103156,0.0483305682287072
21.48,0.430243574082851,0.0195565260946751
21.49,0.893490041709609,0.0406131837140731
21.5,1.99920264507333,0.0908728475033334
21.51,1.99852584178249,0.0908420837173859
21.52,2.47673934698105,0.112579061226411
21.53,3.17009314397971,0.144095142908169
21.54,1.68863979354501,0.0767563542520458
21.55,2.23007770255208,0.101367168297822
21.56,1.15689573685328,0.0525861698569674
21.57,0.84274017624557,0.0383063716475259
21.58,0.450374526282152,0.0204715693764614
21.59,1.4272580370307,0.0648753653195771
22,2.12448886781931,0.0965676758099686
22.01,1.14096785833438,0.0518621753788356
22.02,1.87964995925625,0.0854386345116478
22.03,0.753543523450693,0.0342519783386678
22.04,1.62325479090214,0.0737843086773699
22.05,2.3218185712539,0.105537207784268
22.06,2.32221803069115,0.105555365031416
22.07,1.51338531635702,0.0687902416525917
22.08,0.439127331599593,0.019960333254527
22.09,1.48531240075827,0.0675142000344667
22.1,1.05860599130392,0.0481184541501782
22.11,1.87285074343284,0.0851295792469473
22.12,0.979428162798285,0.0445194619453766
22.13,1.80825003174444,0.0821931832611109
22.14,0.335221454501152,0.0152373388409615
22.15,2.08997577801347,0.0949988990006122
22.16,2.28219365204374,0.103736075092897
22.17,1.0118708871305,0.0459941312332045
22.18,2.35680079335968,0.107127308789076
22.19,2.79402865096927,0.127001302316785
22.2,1.49546171391072,0.0679755324504874
22.21,2.64863765239716,0.120392620563507
22.22,1.98594849035144,0.0902703859250654
22.23,1.58886761428966,0.0722212551949844
22.24,1.58388637751341,0.0719948353415186
22.25,1.92943562070529,0.0877016191229676
22.26,1.20138274505734,0.0546083065935157
22.27,0.982589075962702,0.0446631398164865
22.28,0.635948305328687,0.028906741151304
22.29,0.792338285595179,0.0360153766179627
22.3,0,0
22.31,0.653486385941505,0.0297039266337048
22.32,0.560788732022047,0.025490396910093
22.33,1.12265259027481,0.0510296631943096
22.34,1.84132599035899,0.0836966359254086
22.35,1.73694597925059,0.0789520899659361
22.36,2.05157040245831,0.0932532001117414
22.37,1.6130050085485,0.0733184094794772
22.38,1.13697055354714,0.0516804797066884
22.39,1.33667191738884,0.0607578144267653
22.4,1.70027185355624,0.0772850842525562
22.41,1.57189827697972,0.0714499216808966
22.42,1.71362389003237,0.0778919950014714
22.43,1.12983694672585,0.0513562248511748
22.44,1.0013834387064,0.045517429032109
22.45,0.796028655767441,0.0361831207167019
22.46,0.803822927176952,0.0365374057807706
22.47,0.277500003576279,0.0126136365261945
22.48,1.50789118185639,0.0685405082661997
22.49,1.700688589861,0.0773040268118634
22.5,1.387968942523,0.0630894973874092
22.51,1.51256193207311,0.0687528150942322
22.52,0.767701454460621,0.0348955206573009
22.53,1.41687557225426,0.0644034351024664
22.54,0.92581870748351,0.0420826685219777
22.55,1.01465422287583,0.0461206464943561
22.56,0.40571370596687,0.0184415320894032
22.57,0.469245567917824,0.0213293439962647
22.58,0.39330101882418,0.0178773190374627
22.59,0.253787878900766,0.0115358126773076
23,0.145674157887697,0.00662155263125896
23.01,0.301329590380192,0.013696799562736
23.02,0.270362935960293,0.0122892243618315
23.03,0.157688442617655,0.00716765648262067
23.04,1.10258896201849,0.0501176800917495
23.05,0.673478929325938,0.0306126786057245
23.06,1.28726242959189,0.0585119286178131
23.07,1.09552063932642,0.0497963926966556
23.08,0.843034276366234,0.0383197398348288
23.09,0.737054727971554,0.0335024876350706
23.1,0.790609053646525,0.0359367751657511
23.11,0.698579635471106,0.0317536197941412
23.12,0.580902255450686,0.0264046479750312
23.13,0.543562835082412,0.0247074015946551
23.14,0.687888666987419,0.0312676666812463
23.15,0.440838435043891,0.0200381106838132
23.16,0.1769066726168,0.00804121239167271
23.17,0.260043419897556,0.0118201554498889
23.18,0.429284702986479,0.0195129410448399
23.19,0.840146127001693,0.0381884603182588
23.2,0.772239173917721,0.0351017806326237
23.21,0.291620346407096,0.0132554702912316
23.22,0.441163394600153,0.0200528815727342
23.23,0.637095600056152,0.0289588909116433
23.24,0.145454540848732,0.00661157003857873
23.25,0.41295600682497,0.0187707275829532
23.26,0.268464280913274,0.0122029218596943
23.27,0.210000002756715,0.00954545467075976
23.28,0.225179310888052,0.0102354232221842
23.29,0.50677141174674,0.0230350641703064
23.3,0.175965486094356,0.00799843118610707
23.31,0.268719982355833,0.0122145446525379
23.32,0.444816136111816,0.0202189152778098
23.33,0.768634451087564,0.0349379295948893
23.34,0.718049108050764,0.0326385958204893
23.35,0.643442823862036,0.029247401084638
23.36,0.304601891764573,0.0138455405347533
23.37,0.412749847652213,0.0187613567114642
23.38,0.557974496856332,0.0253624771298333
23.39,0.438090175390244,0.0199131897904656
23.4,0.202905454983314,0.00922297522651427
23.41,0.476129257120192,0.0216422389600087
23.42,0.284034082666039,0.0129106401211836
23.43,0.18604139611125,0.00845642709596591
23.44,0.198534958064556,0.00902431627566164
23.45,0.131376143544912,0.00597164288840511
23.46,0.190731969662011,0.00866963498463685
23.47,0.290929030627012,0.0132240468466824
23.48,0.236626707017422,0.0107557594098828
23.49,0.268099645152688,0.0121863475069404
23.5,0.518057980388403,0.0235480900176547
23.51,0.521262926980853,0.0236937694082206
23.52,0.39672926440835,0.0180331483821977
23.53,0.434565192088485,0.0197529632767493
23.54,0.384285259526223,0.0174675117966465
23.55,0.0846910122781992,0.00384959146719087
23.56,0.176439948379993,0.00801999765363606
23.57,0,0
23.58,0.176916596479714,0.00804166347635063
23.59,0.171695858240128,0.00780435719273307